(NH4)2SO4,Triton X-100,Glycine,CSL-P,NaCl,K2HPO4,Tryptone,YE,Methionine,Cysteine,NH4OAc,Glycerol,Na2S2O3,ZnSO4·7H2O,MgSO4·7H2O,FAC
10.224014,-52.815525,3.7874544,-9.10214,-1.0728661,0.13866657,-1.7190678,-3.8862493,-4.1871576,2.566939,17.116438,1.3570893,-2.5571942,-10.526537,-1.9655114,0.026934188
12.880935,4.7859645,8.921221,-3.9948654,-1.3046392,-1.3020623,3.0313337,1.2977993,2.0280857,-3.5319953,21.580616,-0.078143954,-0.19107829,4.8433533,1.6845026,-3.0356348
13.030209,5.949864,6.2261457,10.00825,1.2544087,2.2419605,-3.8783088,0.68473274,1.1593541,1.5881777,24.32506,2.8950746,1.5276452,-5.1266837,3.3344464,4.4504066
12.462628,4.933877,5.50928,-2.5368364,-1.4666848,1.5656986,4.2514963,1.3053426,1.9378554,4.236094,23.03199,1.2887213,0.769203,4.5217004,0.0016977874,0.7586594
13.476885,5.071932,8.687812,-3.3811083,-1.5117972,-2.2046525,-0.8356661,18.763584,0.24777125,-3.8191824,23.75107,-1.6739162,-1.5501194,4.635611,-1.9778266,-5.096597
12.303449,3.8418062,4.6109,-3.7330155,0.31082085,-1.6739733,-2.8378663,-12.154676,1.002541,-3.783527,21.955833,-2.6050081,0.349089,-5.396801,-1.5624233,-9.117192
11.917307,3.5341299,6.054489,3.3411212,-1.6200407,0.5171165,3.3325975,-12.632371,-4.518284,2.856024,22.935904,1.4717376,0.2945828,3.6342669,0.22472832,0.7778644
11.724721,1.3228542,5.273865,-2.247395,-0.1637398,0.23349696,7.3959284,7.308436,-0.8158871,0.6530177,18.328136,-44.17788,-2.7288964,-12.69633,-2.256009,-6.378664
11.205269,2.895201,2.130085,-6.7715006,0.5880537,0.29076913,3.4118955,-2.2027416,1.9689213,4.1246276,18.60978,-79.04136,0.24323286,-8.33238,-2.0694823,2.400345
10.806433,1.4463341,10.065379,3.8813581,-1.7272838,1.2604067,-6.7137876,-8.619195,1.9011381,5.4756455,18.23062,-42.290066,0.6740248,1.8981693,0.83775365,-3.8373837
13.259131,2.459635,7.2392626,-3.0094843,0.02549178,-2.0268612,-7.0051355,-1.3863547,1.9587823,-1.0278562,23.538115,15.185757,0.3011145,-8.25537,0.43392107,0.7734358
11.240175,-36.44426,-1.7936529,1.819312,2.8351505,-3.5226414,-2.3864813,-2.6080854,0.45859522,4.213694,19.834158,-1.1024559,-0.37157533,-8.525115,-0.9894292,2.9120014
14.434977,4.2991433,-89.29833,7.107783,6.1907787,2.2372653,-1.041449,-8.708764,-5.6893573,3.809318,9.557083,5.386423,7.035552,1.9495106,6.49131,4.8388
12.367301,-45.450573,0.24010187,6.7281885,3.188624,-1.1473593,-1.1712056,-4.5712085,2.0161245,2.3324544,21.245872,10.141687,-0.5044838,-6.7963095,1.2369865,-5.9247646
12.48212,3.4279618,5.739874,8.978704,1.7850869,1.9211141,5.8657575,-2.8455164,1.6587129,1.4018751,20.682621,-33.834164,-1.7561437,-0.28579715,8.840108,2.1247828
15.160907,3.9456506,-90.76287,-2.3502464,6.3429756,2.023363,-4.70677,-4.9070992,2.3383965,-5.3410344,29.952307,5.7146654,-4.0695543,0.98099136,3.548045,0.65325
10.575432,-7.3809867,5.340961,-5.133238,-2.6832547,1.3726052,-5.09754,-10.267388,-6.628617,3.797879,23.33258,-3.2419345,-1.6940782,-8.246829,-1.2019348,3.0386336
12.473368,-12.744063,-100.48118,0.6980022,-7.1035805,-1.5714409,4.197345,-0.052367378,0.4037137,-2.9095778,28.908152,5.700388,-3.833626,-2.507478,3.3943334,-1.8157959
16.507479,5.2948456,-69.68005,0.94888604,7.4235606,3.134008,5.1033177,-2.9562495,3.0564413,-1.830554,31.816172,-2.1622133,6.563333,2.5777216,7.2174454,-1.1303376
11.099277,3.3456419,2.4899502,11.214499,1.0371495,-0.43477654,-3.7786474,-3.9235494,0.82893336,4.9388356,18.802437,-74.679245,2.81541,-5.237245,8.125221,0.7617467
10.342492,-25.254353,-7.9028854,-7.532094,-7.4813046,-1.0459602,-6.2308707,0.19274016,-5.4201903,0.1314794,17.274097,-56.61424,-0.75902873,-8.86227,0.67115855,-0.100018956
13.507163,4.5427027,6.904993,3.8394713,-0.9639411,-2.502595,-6.647815,0.022928668,-0.32686746,-1.4445088,22.57005,9.4349165,-0.6916945,-10.08864,-3.639182,-9.8325615
11.353627,6.3571854,6.5589876,4.8627157,-0.9378036,1.3932297,-5.7095094,-10.222886,-7.363529,2.777216,24.726868,10.229097,1.1233048,-3.6067526,2.3931527,1.933157
10.091632,3.152534,-41.70241,-0.7455315,-5.835189,0.053597257,3.9731433,-0.10860852,1.9113504,6.490504,28.97859,-44.37869,2.8795722,-4.36571,0.95006853,1.6767837
10.672818,1.2417914,-78.146805,-1.922354,-8.659392,-0.807355,6.083811,-6.8470964,-0.66971993,6.4852734,28.251253,-25.805307,-4.1431518,-3.7779033,1.1775589,-2.8904722
11.752327,-46.273106,9.420505,-6.108131,-2.6258552,-0.97509027,0.51613176,3.0147479,-2.5190158,0.23899208,19.038664,-1.8872443,-1.0515863,5.682848,-1.0196671,-0.57860875
11.340652,2.2365394,9.964024,-1.62298,-1.8205509,2.6546235,8.661439,-7.01007,-2.2156153,4.5512695,19.906868,-32.997704,1.3113475,5.704299,0.008283053,4.0967503
11.96715,-5.88953,6.8434443,1.6547364,-0.5240835,-0.23619908,9.073645,8.298822,0.87631667,-4.3367405,18.504196,-41.10229,-2.091318,2.7879322,-2.501239,2.5875735
11.892339,2.9226718,9.510974,-3.75793,-1.4446379,-3.6875439,-1.3405501,-5.872884,-3.7498946,1.3625419,18.960054,-38.312164,-0.3035014,2.984141,-1.2323476,2.3093476
10.906905,1.4382293,-14.960379,-0.86471355,-7.9554424,-3.661212,-2.7070668,-22.071575,-12.02007,-0.38893253,21.27488,-8.481865,-2.3350239,-0.2985712,-3.63814,-8.905454
12.928592,2.3040268,-119.83061,-0.12267888,-6.2693377,1.830566,5.9468675,1.5835744,1.6314366,6.3122663,6.7347484,5.9317765,-3.9965298,-7.329301,0.31474292,2.5414252
13.28965,6.560473,10.051653,0.8178172,-1.1306872,1.3881004,-4.7371483,-10.622246,2.9256387,-3.4759028,24.140442,21.81555,-0.2286907,-2.7954054,0.07497796,2.2438967
12.4335,4.2082253,7.12425,-2.2435136,-2.116501,0.22599803,1.8350372,-13.011078,-4.3189197,1.1268067,22.974264,-6.738098,-2.7922156,-0.8853027,-2.6760767,-1.8845336
11.466747,-47.920994,5.974474,5.8453565,1.7515346,-0.6080535,-3.649828,11.649503,2.7099724,1.9449054,22.100775,7.7738857,-2.4270384,-7.577487,-1.3132229,3.3159025
15.419949,-21.016508,-86.15442,2.750645,7.0059805,4.64244,6.1499977,1.8216214,-1.0333564,5.2098126,6.378282,8.714043,-2.4069967,4.0963607,2.235599,2.984402
12.848109,6.667604,8.571967,5.999092,1.2089939,-0.65239775,-1.7597829,-10.708049,3.1396782,-1.5542424,23.596756,9.725682,0.20419864,2.0877442,6.435217,-8.036954
14.7949505,6.6757865,8.693037,-2.5458324,2.3774064,-0.4076062,0.75713676,17.049406,-2.63863,2.6387787,23.809175,15.513048,0.5772507,-4.245092,-2.3353665,1.1381198
15.507185,-16.107237,5.1894174,1.2061374,1.7303995,2.9554203,-3.3075883,10.6061735,0.48216027,0.5156256,23.16936,15.853159,0.025706945,4.9086065,-1.7440621,4.10628
12.115827,2.555412,3.3247938,-4.3813405,0.3034195,-0.4616325,-6.665445,1.2224395,-5.784783,0.28260466,23.32644,13.6116705,-1.8863739,-11.01091,-2.6416426,0.75576615
11.243403,-54.145657,1.7570419,-8.852975,0.37827882,-1.2137474,-0.8951241,-4.337708,1.4302824,2.3730543,17.86552,8.824874,0.5677609,-7.6690464,1.9776047,-1.1470397
13.569593,5.611394,8.756397,-1.8081199,-0.8110367,0.3704749,-5.189003,0.10121841,-5.631994,2.3497257,21.835217,19.24237,1.8963735,-5.921278,2.548885,1.4208333
-48.568127,2.2612154,-40.07078,-1.6562642,-2.7184496,3.1518228,-2.383839,0.69111305,-2.8113832,0.99022627,-111.26381,-23.419361,2.2193658,0.34794962,3.2564826,0.14309531
-64.50307,3.6322904,3.564462,-7.605166,1.0324193,0.37215555,-3.4949465,-0.70227057,0.3786173,-6.792842,16.125702,-68.98278,0.22701712,-5.1286473,0.35200587,3.0935209
-64.87555,-8.506958,12.951408,3.8302813,1.45882,2.4630535,5.1461453,15.019786,1.5169412,11.221549,25.356762,1.3520876,0.7752732,2.322272,1.1365174,6.423053
-52.370476,-21.205076,0.48658985,-2.8175797,0.20676844,4.2914753,-0.88585746,-4.5831,0.3651582,-4.1590877,-143.66881,1.8019418,-0.4988936,1.7447276,1.985798,-0.0034948161
-51.8708,0.8997536,-47.712772,-2.2323031,-2.7810578,2.4390073,-0.91153604,-4.534724,0.8172109,5.547599,-114.982124,-1.1932547,1.1604314,0.70185786,-4.2944603,0.705457
-53.598103,-17.016747,-44.407944,-2.1512237,-2.2399654,4.4466763,-0.1877264,-0.05280794,-0.56240046,-4.6600447,-117.221085,1.3794867,1.2772541,-2.3976047,5.0798206,-2.4329584
-59.428112,-3.7708333,-6.367927,-1.6909823,-4.3578806,4.5088506,-2.2222872,-3.8126009,0.9113005,-3.1981812,-145.09845,3.0073273,0.47486642,3.3264472,3.4280574,0.06554592
21.243475,0.30329284,-25.152838,3.680266,-6.904094,-1.9461993,-0.47941825,6.186174,-5.999482,3.501774,-133.12453,-42.767235,-0.3452997,-4.3965745,-5.075812,-5.2059646
33.055843,-1.8214532,21.15218,2.7022164,2.565961,4.762736,2.924622,3.7220635,0.06587078,1.7873199,-123.07871,9.645824,2.106489,5.5473123,7.12274,6.819743
-64.14148,-8.775564,10.872699,-1.7807772,-1.3283936,1.0135566,0.690675,9.20249,2.0579116,10.731752,25.51313,9.45874,1.0533541,5.0702324,2.6900048,3.9169974
13.683057,4.433874,18.396025,-3.3253894,2.2437878,-2.078301,-3.6113274,9.183375,-3.5193748,-1.1651237,-159.70663,4.2583113,0.42473498,3.9971354,-5.315791,-4.2231154
-65.46625,1.421845,6.180773,-3.1172376,4.034513,2.7369843,-2.285495,-3.6540625,-2.5121768,-6.4820914,-112.538536,-33.61789,0.24123457,-1.3582956,-3.1074255,-0.16402587
21.567442,-30.762014,-19.233532,1.1061755,-7.1638365,-1.5537386,-2.920085,0.57420224,0.2157122,-3.1518967,-142.20172,0.11676891,-5.259774,-5.7453446,-6.518637,-0.56591773
-79.39947,-6.9519086,-124.241066,-4.3762817,-6.071647,-1.4557595,-1.9959346,6.4236846,0.86875015,-7.39849,6.0462484,3.0769002,4.2030115,-1.4981933,-4.0207653,-2.4205358
-69.01355,-20.728025,6.4737797,-4.1521745,0.063629694,-2.343494,1.6171126,-5.0504637,-1.8834972,7.8075957,-127.679474,1.3200977,1.6298754,-4.932621,-0.8050701,-1.865691
-58.82965,1.7867991,9.417601,-0.32439962,-2.4450476,-4.867174,0.1860315,-4.8572416,-0.044744782,6.9152856,-134.55356,-24.040726,-1.0512339,-1.427814,-3.190065,-2.2310412
-59.687565,-18.081337,3.3574932,0.53847986,1.2358252,-1.3917837,-3.7755482,0.013969455,1.6443384,12.095681,20.301613,-52.33102,-0.57292235,3.9365168,-0.5540049,-1.165696
-48.481937,-13.744012,-46.09018,5.471404,-3.667645,3.9628255,-0.13875881,6.348724,-2.6837332,-7.474872,-108.684456,-0.6212285,1.591303,-2.082482,-1.8102685,-1.5219697
30.25796,2.8236372,17.754541,5.169837,0.7390863,0.93822527,1.526479,-3.0931776,4.946833,3.6461933,-97.94781,-35.336517,3.9056616,3.5643363,7.593726,1.162482
7.92395,0.75537765,-8.093727,4.6781163,2.887076,-2.2047005,-3.4650571,-0.44684064,-0.5086461,0.5900399,-134.13313,-39.29304,-1.1244534,0.01653468,-1.5440825,-0.22285944
28.605383,1.3204832,17.090706,3.584018,-0.63072973,1.5338362,-3.4507418,0.39923412,0.9923071,4.44629,-108.813644,-25.170359,-0.039965,2.0454247,4.960787,1.9001855
-60.739807,2.1017365,9.082825,4.351471,-0.29917285,-3.6807656,-1.7621005,-4.1722345,3.637077,-3.285341,-148.54779,-19.304502,-1.0971864,2.1380012,5.120497,-3.0731566
-60.660595,-4.46543,6.7917104,0.1486653,-2.6443202,-0.7616153,1.644965,5.8442087,-0.13855343,7.324533,-175.58044,2.9384975,2.1517422,2.0065947,-2.8234575,-1.2934914
5.1944914,-3.418749,4.25728,-4.9366384,-0.8761841,-2.7260063,-6.9494333,-6.508377,0.0072370116,-4.715512,17.832642,-82.65361,-1.019821,-9.644829,-2.2510884,-2.4486234
-74.41595,0.25849527,8.7127695,-1.843223,1.5308801,-3.9184935,-2.9863222,-5.170451,-0.5197816,3.7952907,-150.76161,3.855601,-1.3594928,2.6309505,0.9851698,-0.55875003
32.55792,2.501554,18.89358,-0.24739733,1.5593768,1.6656959,4.048681,-4.872758,1.203543,0.85134333,-132.66823,3.3976035,-0.23665263,-3.4646811,9.543028,1.155816
21.70864,0.22706483,-58.94447,0.60505414,2.2432218,0.7647348,-0.8209381,-1.7836332,-0.6009852,-3.649072,-131.18816,-18.408772,-0.13073145,-0.6119003,-5.4109,2.1678953
-57.884415,1.7153494,-53.11829,-3.157031,2.6763704,3.084003,0.89115113,-3.521694,3.453616,6.6213965,-111.53365,0.53058136,-1.0078427,0.72902787,-4.1458855,-1.0527066
6.268107,1.1856031,-7.4406295,0.20247738,0.17445385,-1.8111142,3.6125667,-7.186315,-5.793882,-4.156147,-201.70888,3.998721,0.17241469,-0.600186,-5.6076303,-0.8761597
-77.12347,2.0042992,6.2471304,-0.44869125,1.3296901,-2.805064,-1.3499504,-4.3813677,0.43469256,5.467154,-152.12164,4.1918483,-1.9408492,2.0954483,2.8761628,-0.11472425
21.852095,-30.519478,-8.035369,-4.7742543,-2.3804872,-4.471055,-0.9465038,1.9234881,-3.7985914,-5.06999,-174.30856,1.9523377,-2.230502,0.5062366,-6.1596384,-2.4894094
-76.05067,0.7403744,6.353059,-0.2035391,1.2758951,3.6997805,-0.74963033,-5.2964745,-1.4677912,-3.0532393,-151.1784,5.079942,0.2154473,1.0512133,0.28860453,0.016581671
-50.361343,-12.223611,-51.025566,2.1904674,-3.058464,2.608727,2.0167763,-4.3701344,0.03482721,0.7054222,-108.14951,1.921879,-1.3059626,0.56050974,-3.125821,3.88942
0.8666617,1.199045,-64.54947,-2.8701801,0.9446498,-1.8011485,-3.913187,0.30436903,0.14620946,2.349844,-156.70058,2.1706328,1.2127696,1.1643335,-1.8341599,1.6222658
-51.55253,-14.123094,-50.602352,2.8118026,0.1530707,4.7235217,-0.92015886,-3.3988452,-0.47351223,-6.2695785,-109.253044,-1.7896883,-1.1182259,-2.116469,-0.32993215,-2.2236629
4.91602,-1.7477479,-52.008568,4.1580634,1.5704803,0.096053466,2.9677322,0.9692884,4.2708125,3.6592746,-91.88035,-13.891264,-1.3722856,-1.9121238,6.2443757,-0.77166843
4.076842,-16.07158,-59.400066,-3.134541,5.2410727,-1.1194086,-0.09758145,-1.6924665,1.580078,-3.1483138,-104.35131,-1.9783558,-0.8258301,-1.3444122,-5.7458706,0.23409119
4.2955103,6.0681105,7.682914,-4.2619157,-1.0796024,-0.5681562,-5.3687177,-1.5308917,0.6211849,-1.3522719,22.571342,13.945973,1.3769354,-9.831553,0.52182806,-5.873978
-61.31576,1.5625477,5.818003,3.169571,0.94480234,-4.018818,-1.8044974,-2.326202,-0.04618419,6.8959026,-150.45558,-20.242168,0.5001463,-3.1564043,-3.5461354,-1.5899922
-62.59318,0.53300947,7.979137,3.9517918,3.0368216,1.3299626,-1.9032727,-5.318811,0.13676398,-3.027472,-168.87714,5.400317,-0.7144963,-0.07314572,-1.2186195,1.493302
-80.08709,-21.302485,-103.64872,0.5983154,1.4846447,-1.631699,-0.2485029,-1.0196426,-0.36726785,-9.073264,2.6466978,-1.5410894,-3.8770936,-6.7066927,1.6407132,4.185036
-50.060413,1.7886074,-0.6645136,0.55105007,-0.6510585,3.481339,-1.183023,-0.8607425,0.059333943,-3.1231642,-151.16478,-21.723515,-1.2126087,-1.8142967,3.9597967,-1.5156506
-0.22113729,2.814849,-9.138218,-3.7398405,4.226682,-2.080007,-1.9765265,-16.88184,1.4323006,1.5720264,23.585793,7.194332,1.7541121,-2.601639,-3.6925173,-11.250629
13.46183,3.851197,17.90545,-1.8826208,3.525656,1.288579,2.9803693,-0.2831767,3.6441617,3.2983108,-101.967804,-27.491383,-0.0288331,2.9911861,-0.16933316,0.24426411
-54.667526,3.0700264,-49.05468,-4.1493893,3.1796968,1.3245178,1.4867276,1.8288953,-2.191457,-1.1792994,-119.269684,2.1276748,0.5819367,-2.8054814,-3.0436316,3.4706783
-79.968666,1.3079392,-116.26283,-3.348998,2.4969685,-3.5187342,1.3901573,-6.3511925,-2.767857,-0.66226983,4.0904646,4.0015335,-4.8834834,-4.8801866,-3.135796,-6.956292
-75.699135,2.6156228,8.096896,-2.7119546,1.1984396,-1.6244506,-0.69099665,-5.974923,-2.0576048,-2.31882,-144.70619,2.3658388,-0.48372206,2.4026456,-3.4604893,3.643265
-72.18542,-20.545687,9.005567,4.1828856,1.4746498,-0.8047023,-2.3735373,-0.4085108,-3.1955707,-4.0330734,-134.0917,1.1473925,-0.49032086,3.1980374,0.57233423,-0.8827664
-57.424244,-19.784985,-5.7703,1.6152234,4.536039,1.6074862,-0.9350267,0.47318783,-1.9778074,-4.210803,-140.13792,2.890907,-0.08968949,2.366958,-2.2788122,-0.7147963
-60.07265,-11.25606,-48.681313,-4.329087,0.42505366,-2.200176,-2.172256,-4.6207476,-2.733833,0.09488928,-105.9455,1.7370092,-3.3541393,0.58308154,-2.568828,-0.53177816
14.625657,7.105971,7.750772,-3.39511,0.2120072,2.3137481,-0.23361872,6.156126,-4.2434716,-0.85541064,26.131672,19.04192,1.4574357,7.456497,0.27873343,0.5160023
12.327205,6.195559,7.9369106,-0.74873334,-0.07610953,-0.78677607,-4.574769,1.7413462,2.4098113,1.2317508,23.402727,-4.5833726,-0.3365329,3.8989024,-0.89595544,-3.7040539
14.361435,7.4090996,9.78006,-2.6736884,0.6844672,-1.3416989,-0.35853177,19.189707,1.6934502,-4.6255274,21.726727,-1.4197383,2.6332922,5.332579,0.6057181,-4.3593903
12.957549,5.5410256,6.6261163,-5.4865026,-2.9444003,-0.23151854,-3.3603318,-9.115231,1.1321973,0.977248,23.052383,14.177212,-0.014166778,-4.450607,-2.6483283,0.19217768
13.588775,5.2847085,11.383958,4.876688,-0.9294516,-2.6321607,4.5421753,4.6017346,1.5264579,0.20564027,22.540037,13.656939,-3.4043965,-3.0483403,0.537253,2.7450888
13.524338,7.876709,6.9832773,-0.26785904,2.5156658,2.827202,-3.533017,-9.270234,1.7388153,-0.846532,21.461193,10.729656,4.345157,7.472798,1.1606504,3.6139262
11.184238,1.0778239,7.80652,-0.7742602,3.0273945,-1.09099,-2.2613802,-8.832258,-4.871899,-3.5921826,17.919533,-42.762627,0.33507913,4.494306,-1.5641266,-1.9740183
12.624192,4.4642854,5.1310315,4.5811286,-0.4862062,-0.94013774,-1.3626215,-1.3833258,-0.9203438,-1.642087,24.53188,-6.4469795,-2.9391532,-10.01424,-3.1957242,0.53339136
16.07243,8.239322,11.588609,3.9963994,0.88486207,-0.81931823,1.7582607,14.232457,2.9834247,-0.034090403,24.55508,16.964685,0.0071058646,6.33282,-1.7196301,-1.3634607
11.936577,3.2998416,8.30476,5.718377,-1.9852556,1.0380675,-5.6478496,-2.6296656,0.42701596,-6.443118,20.68023,-5.1082487,-1.0470074,-5.971681,-1.2562335,-0.9218201
14.301228,6.048168,7.2970986,-0.27851838,2.4236684,2.0544116,-2.89093,-7.704129,2.8401139,-1.6338464,26.209494,18.55688,-1.8220156,7.4265065,4.966628,4.0969205
13.984499,4.0108366,7.29847,5.946303,0.52219546,-1.6668947,4.094884,1.5834951,-4.517532,-5.147506,23.842386,11.778011,-0.118220985,0.14863308,4.832627,-0.5358444
12.758272,6.714773,9.347962,-0.34133205,-2.7955625,0.7758942,-2.5161407,-0.24370642,1.4638374,-1.9792812,23.048595,10.254694,-0.69326526,3.1177213,-2.2028909,-0.34985635
14.972357,6.982874,6.5064855,-3.2823873,0.5988538,-1.3977859,-4.426407,0.2030802,2.9189532,-0.06801086,23.393904,15.735706,-0.555952,5.6908393,-2.041739,0.75155747
13.401091,7.37505,5.93103,-3.929534,1.375065,-1.6709859,0.87711483,-0.7791561,1.877686,-1.5690533,25.08945,8.941413,-5.7481103,-6.6333857,-2.8070168,-0.8311692
14.214215,7.6852436,8.905381,5.755316,1.0361835,-0.75963277,6.6957917,0.25739297,3.2686186,-2.8784077,23.154148,16.326254,0.28937995,-9.345067,-1.4549613,0.9280567
15.468502,4.955921,9.34047,-2.9010959,-1.2693466,-3.5200696,3.3287735,13.390716,1.495166,-0.67273283,25.477293,17.225163,2.7017455,2.5386844,3.5049827,-0.6024398
14.968399,8.527471,9.207256,3.6079292,-0.24587916,2.6736982,-1.5205827,22.325218,4.062477,-0.13137203,25.4376,20.757835,0.9470811,6.6406555,-0.015202642,0.7593325
13.319732,4.7898855,7.637664,-3.2644515,2.485515,0.22299848,0.38532108,-1.1860915,1.4832562,-4.517622,22.665302,-6.9048395,-2.96255,4.962136,3.554236,4.9706774
13.083788,2.8710124,5.551458,-3.3202543,0.8878571,-0.6619426,-0.85615754,-0.08440722,-3.4940264,-3.6589122,24.73329,11.146175,0.22327001,-9.262837,-0.060381062,-0.020001119
13.087129,3.351014,5.5500197,4.7323003,0.21688415,-1.8124654,4.1622477,1.7492352,0.6647103,-4.8724475,21.49265,-4.5151997,0.16672496,3.7447925,-0.3485228,-5.9702744
13.512135,-5.4430575,10.4063,-0.7418654,3.1151366,0.5905983,-1.2476175,-7.4914637,3.1957893,1.9135767,21.36231,10.030688,-1.2425263,4.434895,0.28910252,1.5733907
14.382704,-11.989548,8.988062,-4.6091447,1.0515572,1.3102857,4.7889066,-8.627005,1.0597653,-3.4420104,20.931355,14.239364,-1.9769491,7.115713,0.3871877,3.6188455
12.726529,-59.939423,6.520749,-6.5991464,-2.9508502,-0.67791396,-3.5270817,-2.1244729,0.19347562,-1.5581872,19.167526,8.610049,-2.1369808,3.1190946,2.3609557,-1.3750001
13.778595,5.0716524,9.104268,2.4572628,-0.41033316,0.22547342,-2.3021193,18.229845,2.4410596,-1.8341928,24.479456,11.891985,1.2835904,5.4379673,0.056467056,0.5592628
13.673695,-56.935097,3.8574634,-7.531481,2.0794857,1.6425014,3.9995568,9.486162,-2.2355616,-4.2113705,20.476934,7.965829,1.2955087,7.590244,0.4010931,1.9768519
12.410048,-38.282803,8.607528,4.939134,2.312969,1.0246524,0.27561113,-6.343189,-1.2344823,-3.0925536,21.554258,14.512206,2.0479028,3.231952,-1.4825101,-3.5298827
15.409257,4.585394,12.096322,-5.076756,-3.1630926,1.5679549,3.461352,2.3925135,0.82683414,-0.4026819,23.808144,16.435532,-0.7173464,4.5060425,0.60754377,3.5718188
16.165195,6.3047714,0.80893916,1.7213764,4.749635,1.6382099,3.2963834,14.060342,-3.63333,1.7355002,26.778976,11.220234,0.6748117,2.0182848,1.0983925,0.756753
12.544812,-48.143936,4.02517,-5.0968237,3.0351546,-1.0604792,-3.1466248,-8.314832,1.2786502,-0.8514105,17.81373,7.710931,-1.2393103,6.3219786,-0.4111946,3.8155725
12.638887,3.9709437,7.373267,-7.5101924,-3.5955138,-1.0619799,-2.4764721,-2.6625519,1.5857184,-1.0888729,22.88173,-5.4627233,-4.6855087,3.4513297,-1.3349576,-0.72445786
14.278676,5.982039,7.548486,-2.6786067,-0.13753983,0.023335617,2.8498971,4.5229816,2.5851402,0.033647485,24.700062,12.992181,-0.22012797,7.2194524,1.4080503,1.5118712
13.485654,4.2259912,9.1886,1.1454293,1.7785563,2.1494138,10.81054,6.002576,-1.4343407,2.7863352,24.031149,-1.6626726,1.3119239,5.927154,0.65361935,0.8630474
13.480819,5.0607233,4.0691757,1.446384,0.63499117,1.7523298,-3.460455,-1.0237682,1.6993455,-0.6248637,23.874975,17.061218,-0.40037978,-6.56285,-1.5292169,-0.22789453
13.586392,6.16843,6.215968,-1.5605153,0.28212816,-1.241278,-0.79281,-7.7477107,-6.839636,0.16879101,22.88766,8.618302,3.0823188,-3.22183,-1.7340177,4.192549
12.774292,-44.839226,3.6281204,3.1966064,1.1660331,-1.7599621,2.191825,10.974409,1.41633,0.4225132,20.546637,5.60758,2.6976566,4.6947017,0.14106525,-4.68754
12.35969,0.85966754,7.3511863,2.786876,2.561032,1.3118076,-1.2382652,4.648765,1.7202843,0.40541792,19.81893,-50.712303,0.52269876,3.9843645,-2.7033556,-2.94947
11.952175,-29.785948,5.6521907,8.355633,-3.2231562,1.9740438,-0.08886606,-9.112542,-4.805119,1.6531544,23.48455,-1.5571486,2.0838006,1.2117732,-0.00584785,0.8038805
11.040766,1.0171757,6.4085193,-1.461055,-2.1218479,-2.7547958,-8.511579,-6.4912543,-4.3851137,-3.8960183,18.626698,-49.978348,-1.7769539,-0.23831923,-1.4903951,0.94005454
11.9188,1.9212987,6.429853,4.464897,2.1897182,0.5262894,5.334789,-7.101015,-2.8408644,-3.9148886,15.6951475,-70.460884,-0.39938423,4.189577,-1.2287585,-8.946642
12.570862,5.847729,5.8372426,3.3720238,-3.1479669,-4.449284,-2.5427423,-12.670858,-14.436474,-3.9873967,24.880806,14.276581,-1.4207369,-3.8960981,-4.275754,0.23513028
11.26331,-22.350588,3.284941,4.8008676,0.3461019,-0.8095161,-4.9656887,-0.8217311,1.1169392,-4.29305,21.043869,-25.784561,0.5170976,3.4535995,-1.2613066,3.4769032
16.943293,5.971256,5.7507334,-1.7479548,8.780792,3.9362447,-2.691872,-4.560612,5.0190396,1.1640567,23.579317,21.31714,2.160565,6.742165,0.5017806,4.0438476
12.349255,3.859842,8.600263,0.108523935,-0.8902388,-0.728643,6.8899937,-6.809525,2.180984,-3.7932339,20.913122,-42.73661,1.2849373,3.845622,5.649828,0.80902314
11.61103,3.4628937,2.968078,-1.0121609,1.787112,0.81582254,-3.7694697,-13.162593,1.055766,-2.7042267,20.789898,10.0917635,-5.1903048,3.440251,-1.3436694,1.4004889
15.144393,6.0585155,10.910109,-0.094630644,-2.0661604,3.066944,6.7921147,3.8305051,-4.2899776,-1.4178377,25.41269,17.686045,1.2221845,7.8689423,4.6431694,-0.48391965
11.695119,1.3239379,9.085642,-0.888397,-0.35078233,-1.9942133,-4.5229664,11.3183775,0.7394441,0.109360084,15.482489,-84.386024,0.1775943,-0.7980445,2.3254116,0.24128796
11.405973,6.1694946,8.609728,-3.2503233,2.5847056,1.5000236,-3.282828,-14.239297,2.5737798,4.907092,20.108002,-3.0761409,0.5848214,2.0707693,0.09308992,2.4428263
12.489793,-48.579975,7.575601,4.655052,0.92121315,-2.9085758,3.3850386,-9.347218,2.2235806,0.62778634,22.032751,5.470237,0.62941414,4.878888,-2.5573347,-0.59927815
13.472141,3.9183815,7.282105,-1.2550827,1.9433067,-0.47464487,2.5170963,-8.85266,3.1767411,-1.8443788,23.249815,12.723865,-4.385841,-6.222442,-2.2635162,-0.28418165
14.032947,3.2364995,-4.878787,-1.3660512,-5.726053,-4.698949,-0.48881555,0.6645032,-6.757276,-0.5710735,22.814714,17.091799,3.7254534,4.9256477,0.9703874,0.9678966
5.8275514,4.722872,9.351042,-2.3481538,-0.33998454,0.7849253,0.26376402,14.820573,1.5844684,-1.9210241,24.996515,15.573862,1.4199814,-6.1763577,1.7266316,0.3397118
11.781421,2.8011534,6.007264,-3.341872,3.1984403,0.50070184,-6.0410933,-6.7030363,-3.1669788,0.70453626,17.350344,-41.22754,-1.5580242,-0.78203803,-1.7879475,0.74865353
10.347193,-0.11531341,7.864567,0.46739426,-0.67133635,-2.5582993,-6.6750927,-11.057,-8.470196,4.4214683,22.228373,-4.8094287,-1.8124605,-2.5670521,2.704155,0.39058524
13.169333,3.2353272,8.696515,-1.4765302,2.2149818,2.519799,-6.6318817,-0.03166835,1.7820177,1.309387,19.656382,-46.988815,-0.42818493,4.6082726,0.30956763,1.3677926
13.904733,7.3403916,9.293687,-2.4689977,-1.1075853,-2.3221622,-5.6292305,14.316422,2.8587544,0.9301161,22.928143,16.30943,-1.4777216,3.3300142,-0.3608856,-0.3948331
10.661578,-3.16358,6.330054,-0.7502406,-3.023397,0.2896921,-6.97368,-7.0358763,1.3694489,-4.161873,18.948872,-41.212166,-0.20565021,0.79120064,-1.6586094,3.3760366
5.8844805,3.2748084,8.829165,-3.8624158,1.4313158,-3.1139472,-4.32696,15.367466,-4.5107503,1.9244494,25.471603,14.511771,0.14948647,2.5757473,1.0825642,0.054290112
12.105553,2.804871,6.3129783,-1.3012573,-1.3627394,-1.8963212,7.6994195,-6.940651,1.1601298,0.47068438,20.221327,-42.99065,0.50274503,-10.1745825,3.0186613,-7.896428
11.995175,1.8030769,6.685873,-3.1866941,-1.5562664,-0.15626529,-7.626131,-1.1444256,1.7245103,1.6656427,22.44542,10.386405,-0.012915871,-7.0816693,0.4783676,1.3596576
12.326232,-43.69942,7.591261,3.7378907,1.7281177,-1.0096866,2.4834492,-7.20115,-4.146473,-4.5759206,21.253588,4.5798273,3.6631782,4.2474194,-1.5753869,-0.6258746
12.31802,2.5200326,7.432252,-1.4856055,-2.9077415,-0.11416056,-7.194723,-6.954432,2.0805979,1.0076169,19.271776,-50.022972,3.552626,4.1738515,-2.2297006,0.9877692
12.412238,1.5920439,6.6089635,-3.8045654,1.5116338,2.474388,7.2885017,12.1200285,0.6968699,-2.7289279,23.122442,-47.832317,-3.0433166,5.1835933,2.8331294,3.2966611
14.227102,4.947931,1.7491546,-4.540849,0.013563834,-1.9663094,3.9738514,-1.2066466,1.7647507,-4.5206227,23.95203,15.33203,-0.051886857,-9.324281,0.03594923,-1.0695205
11.579804,-6.845398,6.9285364,0.6669515,2.7248542,0.68817747,-1.233092,-10.029652,-4.974901,3.6645603,21.40605,-1.793341,-0.6159951,3.648616,2.72426,2.7938044
14.526918,3.0847123,-61.887115,-0.5190877,6.44029,3.4682345,1.043859,-6.0167584,2.567284,4.6297455,31.950796,-3.0281224,4.064591,1.6426319,1.9227638,2.801926
13.807945,5.463779,10.161053,8.126572,-0.19197646,0.3688935,3.6765196,-3.6800263,3.2031667,0.61307776,23.707811,16.713444,1.9531426,-2.037923,2.171974,1.9018388
12.81893,5.9308386,10.298649,8.64111,-0.34996742,-2.4010663,3.505594,0.63921803,-7.095086,2.0389996,23.906923,9.895606,0.5865146,-3.6832118,1.6623389,3.3312366
11.428238,2.941198,4.981152,-5.246661,1.2330254,-1.2593021,-7.445637,-7.317416,1.1078482,-3.6328878,16.112686,-80.64054,-1.3610532,2.8556347,-0.25367355,-6.1510105
11.615471,1.5633359,4.959951,1.104775,-0.7134243,1.548598,-8.990292,-2.022025,-2.9554849,0.14347479,21.150997,-49.740913,0.08498019,-5.801592,-2.1754382,2.6454666
12.107205,-5.9918756,2.911864,6.874507,1.8349999,1.7345016,-4.712258,-4.4475603,0.77637804,0.32077563,18.279417,-69.42315,1.2556851,-5.959721,1.1028122,0.97183365
12.082497,3.6413028,10.136628,-5.0599446,-2.0870056,0.9836881,-1.3466288,-13.131595,-7.694251,1.7352713,22.248901,12.544749,2.195593,0.37437043,-2.9081511,3.1619303
14.824381,7.021987,7.6614585,-3.5539148,0.502915,-0.5470949,-0.24355122,-5.4751897,1.9463751,0.7079701,25.329958,19.898048,0.097892314,-7.656846,-1.2470567,0.43452814
12.550866,5.377929,9.228605,-0.20335764,0.74888283,0.955697,4.416744,2.087136,0.34179148,1.702149,23.355648,9.302336,-0.6484556,-9.3606205,-1.1294082,-6.4520745
5.394925,4.78277,8.703699,4.7713265,-1.6932604,-3.000154,5.086689,-15.666551,-7.132072,2.2337348,25.325905,10.098812,-0.323976,-1.5757954,-2.6070924,3.491748
10.810456,-4.327229,-141.36461,-6.5237436,-8.23619,0.99705297,-10.582499,-16.541136,-12.734555,-12.814145,4.353344,6.4842253,-10.29755,-11.979805,-0.3458431,-3.2727463
11.667648,-54.04116,0.8395897,-9.112293,1.2213801,-1.8369906,0.04390532,-9.901876,1.7446644,-4.660902,18.843918,2.7313242,-5.411212,1.0101835,0.039822973,-5.7090073
7.41963,6.9334135,9.422104,0.22623827,1.2997864,-1.1397537,1.176976,13.552599,-7.818453,1.2220262,25.570463,12.911668,-3.0262842,4.6376324,-1.9357871,0.4105403
13.17254,3.8195908,-5.884556,-3.7786741,-5.8418713,-0.35840532,-1.7463847,0.6383033,-6.4352016,-0.1428209,25.16537,9.289224,0.58208066,-6.924704,-3.9151473,-0.826999
11.971192,-22.152086,6.238452,6.114389,0.630876,-0.60192376,2.3079743,8.580108,0.3596796,-0.020710263,18.204386,-54.92213,0.9067864,5.080625,-0.95207995,-0.13226518
6.095886,6.5570736,7.8884664,3.5692365,0.9796855,-1.7107377,3.9276876,15.063548,2.0111115,1.192629,29.11044,13.548933,-3.08356,5.236864,2.603207,3.0301063
11.406523,0.89632696,4.8009825,-4.531175,-3.24264,0.5304138,-3.9941983,-8.251029,0.62521297,-3.6136456,22.232986,-47.73629,1.9424883,0.66672146,-1.7135952,2.5810435
11.508102,4.012379,5.2708535,-3.7185931,-2.6948225,-1.5091394,7.576677,-0.21540412,0.119883716,4.861995,23.319054,-45.095455,-0.26648396,3.3627992,3.1772163,-0.47162715
13.760174,6.732238,9.174447,-3.2966785,-0.3231569,-0.40407696,5.194966,10.920996,0.6343484,0.5051137,22.670717,11.87096,-1.4153751,-9.729319,2.9207857,0.29665342
12.151216,3.7144487,8.106191,-1.8970411,4.0823574,2.5416129,-2.9631848,-7.496536,1.7400613,5.1596394,19.110968,-38.3552,-0.47056425,3.9893663,-2.0623207,1.2637776
13.690466,1.8798673,-0.2246759,-0.62795025,4.2177467,-1.5930965,-1.1797702,-11.27245,-8.5779915,1.2813107,25.435764,7.1374273,-0.3490506,3.5791955,-0.7745421,1.0472611
11.918845,-3.9303193,5.996164,6.0743585,-0.48042628,-1.0646445,-8.523258,-6.166557,1.6745018,-3.139491,17.029362,-74.29425,-1.3220643,1.7109476,-1.2832632,1.2755041
5.7678137,-7.6139913,6.9543285,3.5768585,-3.1328313,-0.15231177,3.277259,-12.86235,-5.8018637,0.24648134,25.499512,9.929495,2.589271,1.2467524,-3.3291528,5.9712205
11.32777,-52.86016,5.2282495,6.8340425,0.9343337,1.0530514,-2.64559,-1.2527434,1.9067589,1.8484263,18.036333,7.217643,-1.908623,-6.54468,-0.99185455,-4.1951513
3.4659157,4.147605,6.2433453,-2.8689702,0.6756921,2.1275644,5.1120734,13.2126045,-3.9516017,2.349237,28.266218,12.757566,-0.335851,5.498004,2.3508995,2.803666
15.641585,4.968302,5.7348323,3.9294133,0.78447974,0.9696634,3.6505432,0.68933696,1.3718003,-0.6781145,24.711409,17.247429,0.3422893,6.132587,-0.9676299,-0.44893727
15.481867,8.071616,7.1025357,3.9589632,1.9493306,3.5760643,3.0792773,1.7735835,3.425995,0.16909197,25.16995,18.111689,-0.34775054,8.123038,2.7837377,0.88046265
7.4212513,7.164127,8.081398,-3.286312,-1.5301526,-1.5030876,7.7513947,16.258732,-3.173031,-2.252536,28.406588,16.176237,0.8973126,-9.398721,-1.154966,1.1342804
14.24658,4.4599304,7.2277246,5.7234898,-1.1794999,-1.0960867,2.7477348,11.077726,2.6826794,-3.629677,25.917522,14.994418,0.20988868,-5.934691,-3.0741274,-0.63297546
14.3560095,4.957582,8.308306,-4.4696283,-0.95326704,-0.94628435,6.1288867,0.6934975,2.176166,1.0109066,25.309912,15.795476,1.6079584,-6.5843487,0.03809176,1.921022
14.06639,3.4533417,8.804521,-0.31204256,-2.925077,1.5511363,4.0248537,-0.075391755,0.75383526,-2.8174055,23.964836,11.649249,0.9537096,3.8090715,-0.706441,-0.3883058
8.202052,9.664637,9.531436,-0.26273996,2.4115872,3.6522954,9.637076,16.630264,1.3815452,0.8253555,27.290194,17.648378,1.1837472,7.0759587,4.866071,1.2221313
13.577171,0.12161054,6.692433,2.3162596,0.11351454,0.43488717,-6.71302,17.551819,-4.2638516,-0.5665077,22.841536,10.872876,-0.93574274,0.8059172,-1.9046342,2.7593849
8.332791,4.051193,11.98726,5.5088625,1.1397593,-0.56100494,-0.8505591,16.456112,-2.4639375,0.94848365,25.719944,12.562897,0.49288097,4.1962233,0.19610952,0.6286893
6.9616513,4.7005816,7.858802,5.7673144,0.48798504,1.7866741,-3.4802175,14.806992,-3.524986,-1.3451353,26.975582,11.9448595,2.405579,-6.1766615,-0.58105475,0.16584383
12.878331,6.976518,10.965034,6.585156,-0.81315875,0.074549004,-2.5550628,19.540133,2.3836946,5.031134,23.942045,3.8601809,3.1942658,3.837847,-0.24799305,0.6958106
13.043557,4.73581,8.79266,-0.053823523,1.2032322,0.13854118,-0.16977085,18.53609,1.2788064,3.8812401,22.050232,1.0669076,-2.233844,4.927392,2.291202,-5.4251194
16.249592,8.775447,8.120434,-0.006545392,1.6201884,3.678171,4.1801906,16.330534,1.9132789,-1.0723952,28.082136,19.198263,0.2947291,8.092618,1.1044544,0.7254195
15.190223,5.1783843,7.4664416,-4.848912,-0.28835616,1.792351,0.3367655,13.241558,2.5561743,-3.5895975,26.58818,17.622711,-1.8244995,5.2378144,1.0296844,2.7403808
7.8004646,5.532456,9.870153,-2.7095253,0.8810675,0.69626963,5.985212,4.0010543,-2.5506449,0.55933267,25.027424,10.931274,0.6475632,6.7134995,-2.1280808,-6.9877877
6.6710997,6.261194,8.288185,6.2735777,0.18876469,-3.0602863,-3.9922867,16.138973,-4.6936784,0.32842845,25.045996,12.194717,0.3263908,1.6091192,4.8175287,-0.09816161
13.478313,7.3621097,9.042103,-1.0161632,-0.17969693,0.38034338,-3.918263,-9.7788515,2.011771,-1.1016419,23.829504,12.017449,0.39446342,7.014837,0.054797787,2.2093122
5.810455,3.7615628,11.592615,5.9155197,1.1401304,-1.2827985,0.07844346,3.608788,2.1116648,2.5826766,25.113583,14.21907,2.075408,5.693052,-0.97235703,0.30823165
12.895963,7.5366893,7.181408,-2.8149724,-0.34719482,0.28122437,-0.20598888,13.561273,1.0398643,1.714738,24.508265,11.025071,0.23453882,-9.595355,3.836671,4.3074126
13.532049,7.3300567,4.9675817,-3.3087394,0.19623314,-0.55045193,-1.9209076,2.874455,-7.150521,-0.7333839,25.751173,11.202221,-2.5104265,6.203991,-2.201562,1.921462
9.313006,7.2814813,10.911125,6.4892535,-0.3063801,1.4526291,-1.8299931,16.72689,2.6447322,-0.08994043,26.074598,13.033646,-2.6578238,5.3576355,-0.8169773,1.3662996
3.216401,6.180086,6.139762,-5.588004,0.41657138,-3.254344,3.2524536,-1.2360421,1.5288838,2.1347446,27.176033,13.3125725,-1.2713448,-11.270153,-0.5113053,0.87803584
11.69789,2.7886643,-10.34328,-4.268492,-9.196261,-1.0406438,0.8162197,-17.879862,-8.313312,0.060116775,20.675264,6.987532,-6.7441998,-4.1908855,0.08401634,-13.426068
4.892467,3.6457164,7.218101,3.1581771,-0.3328447,-0.22552581,-4.07927,8.779845,1.0627455,-1.3276621,25.483974,14.255556,-0.40762204,3.981127,-0.90417206,-5.490828
5.617335,5.1191807,8.820438,-4.8959093,-0.12040526,0.65232307,3.3641899,13.217315,1.8751074,2.9643636,26.980848,9.766634,0.71679896,-8.5069065,2.4324267,-4.472205
15.226159,7.7239766,9.750366,7.434492,2.3314788,1.1527334,10.635232,2.3690274,1.8802441,1.9414161,24.463835,11.943358,1.701841,5.28023,8.255211,4.236558
13.841669,7.2243257,-2.177177,6.3309703,-3.1473854,-0.64946496,4.3546433,12.027656,2.756478,-0.98033994,25.466734,12.011226,0.9619048,-5.6615715,-0.48505813,2.2370172
7.1610556,-11.807655,8.130456,1.2571132,2.0288756,-1.3596325,-1.8127034,11.716498,0.8447386,0.63224006,24.142714,11.07783,-0.6182025,4.7039385,-0.16278139,1.0288581
14.07566,1.9534544,11.056888,-4.2462544,3.1984732,1.6683245,-1.2319995,20.766226,-2.6522868,1.7651147,22.879774,-2.0185137,0.6869882,4.602136,-3.0990021,1.3657538
9.088886,6.3314977,9.88455,1.3244058,2.5356724,0.88995904,-0.61183137,5.1798053,1.5988485,1.1908221,27.3214,11.849536,-2.120034,5.0942936,-1.4822141,1.9912231
15.167399,9.495642,14.534158,-0.7147748,0.43556666,3.1914098,12.73496,3.5626175,4.5259237,3.9203062,23.71279,18.008171,6.1277957,8.560006,1.578021,2.2235446
12.270298,5.9005723,5.1797786,6.0876813,0.81495243,-0.46078834,-2.191438,-0.2393752,2.7835019,1.9205617,27.028421,11.139287,0.24819815,4.657503,-2.1433704,3.2912467
13.914491,6.7509027,9.431284,1.5179863,-1.4729465,1.2213647,-3.513581,20.482748,2.254796,0.7333073,23.168589,1.0655441,0.34336168,4.962102,0.30222762,0.59536713
12.459048,7.473558,8.079352,7.954474,-0.10112482,1.2519946,3.6938415,-7.2754097,3.5947092,2.4774523,26.527447,12.5963955,0.40132397,-5.223767,-2.5299094,-0.79932666
3.9078476,4.326077,10.8052225,-7.4957657,0.48436248,-2.1442952,-6.558509,1.5853596,-0.06573378,-1.2588248,24.098007,14.932715,0.61507756,4.535866,-2.5492713,0.7309321
13.181502,4.451173,8.343148,8.75761,0.6266571,1.7270341,4.2080035,-7.5716996,2.6056528,2.808524,25.769634,15.456933,1.2722284,-3.26451,6.12725,4.315307
12.314661,5.70398,6.624328,1.7571715,-0.016123569,-1.5062051,-2.9544423,17.163744,2.50161,4.8423066,24.186577,-0.14830796,-0.77579796,-6.499047,1.2397811,0.44287843
12.11731,5.8033066,5.8557315,2.8107204,0.084941775,0.67736894,2.702105,-12.708873,2.1243677,-1.2049744,22.143036,9.5706215,-1.58635,1.4948254,-2.0803993,1.1124648
0.62997305,4.0077724,-1.1547602,-2.7825668,3.3722749,-2.121609,3.3813424,10.289806,-3.924189,0.68982387,25.635145,12.973756,0.1538148,4.70989,3.1868374,-1.267891
12.200187,4.147725,9.479294,-4.493623,-0.45322773,-1.165775,-4.508631,0.3774611,-0.08399363,-5.173476,21.540356,-5.757286,0.81089425,-8.615017,-1.140239,-0.85791796
5.9508843,3.6096895,9.953676,-2.9104958,-0.20968713,-0.9665886,1.4010965,-12.234614,2.5854056,0.42516527,23.668314,10.160419,-5.207886,1.7965914,-3.1777637,3.2731633
14.689691,4.8671727,8.5589485,-3.0933971,0.2990804,-2.6251836,-6.1784835,-1.173246,0.75689656,0.08142782,24.16087,14.721618,-0.3620487,2.6761358,-3.6686897,-0.61120194
5.9775057,2.0663316,-6.937859,-3.6331568,-2.5030649,0.82546145,-5.4051585,17.059248,2.9937115,0.31191894,27.26559,-1.5329125,-2.4480226,6.3046317,-1.0060798,1.3477503
13.78849,6.3597474,10.19121,-4.873866,0.687038,-2.363595,-0.53950995,14.209487,1.9245982,1.7072985,23.952232,12.914153,0.5301647,-4.362069,-2.473863,-0.75567573
4.89241,5.0706396,10.294408,-5.721912,-1.2533635,-1.1442096,-1.8266364,0.5854272,2.1585155,2.0302737,24.361563,12.810473,-0.9880926,-3.8970304,0.038976047,0.23172818
12.804623,4.25978,8.231607,5.99534,0.061272062,1.3810128,-0.65181774,-7.2252455,-5.0863996,-0.029910216,22.47132,15.3619375,1.4833411,-3.377957,0.060084596,1.7129924
14.279673,5.953206,6.1662827,-2.703072,0.9922116,-0.72512776,7.690667,1.148203,-3.9740624,1.2307163,25.388708,12.917979,0.67071396,-8.23134,-2.8375802,-0.37255013
6.1676397,2.773792,5.8957157,-6.3804054,1.3471584,-1.4112709,-0.9672323,14.899065,0.68055415,-4.4744925,25.560211,-3.3672414,-1.4759551,-7.391685,-2.7511108,-0.12358368
15.641164,6.456444,5.944796,5.835708,4.5667186,2.188758,7.2412224,3.7663045,2.9048352,0.7233921,26.594032,10.28719,2.2297804,-5.080269,1.1892253,6.476337
13.231046,5.7039666,10.820511,-2.9750938,-2.3042536,-2.309286,-5.3230247,-9.528983,4.14171,0.5934649,24.019995,14.888707,-0.27632192,1.234897,1.4743035,2.6140454
7.5878386,6.7101836,9.749687,-5.3495116,-0.36201143,1.4230117,5.2687435,0.8078194,0.99914825,-0.88254917,24.78512,14.16323,0.59444946,-7.5810947,-0.3811235,1.0921906
12.673955,4.2252636,8.992262,-2.9283614,0.4915504,-1.2030499,-1.2209394,-15.6482115,-7.7360415,0.19651344,23.453766,11.513477,0.43385506,3.8621202,-1.0883653,0.9258411
13.415926,5.4597964,8.127202,-3.4167776,-1.6775106,1.5638738,-5.7131677,-8.055462,-8.262624,1.0322864,21.690443,14.922815,0.99355406,-4.2077537,-0.7447874,2.3087854
13.35502,7.9970837,9.774502,-2.7341347,0.058390245,-0.07172593,7.907548,-14.101851,-11.303826,-2.5144343,21.60491,15.156195,-2.579921,5.4563723,0.0072648195,1.5024471
7.900376,5.252105,10.31984,3.8153167,1.089073,0.75554514,-2.8157012,3.8307528,3.2906377,-0.5736673,24.697256,17.717182,1.3200256,-7.0421844,-0.2514907,4.0415163
13.047732,7.5806937,13.427519,9.022404,1.9376724,3.1959977,7.005127,3.4513102,2.555511,7.6334896,21.966312,-0.716334,5.7878485,-2.9818716,2.4545043,1.6654688
14.979836,8.195848,4.281377,-0.06414639,5.8650565,-1.2619927,1.7076601,1.8605446,2.4778826,2.468829,26.777813,21.47327,0.6700493,-3.638823,5.890951,2.1850512
14.276934,5.3777833,7.1795087,-1.8438011,-2.2099986,-3.1521814,-5.9906487,-1.1670288,2.9697297,-0.32681978,23.61673,14.394154,2.582084,5.020189,3.4211035,2.1698737
6.350812,4.988194,11.219225,-4.823987,-0.20968442,1.370579,6.057843,-12.652324,2.6192205,2.5522988,24.146915,9.429679,0.21662185,4.5661335,-2.0343792,3.7042928
14.019807,4.2558565,7.7597003,5.000197,0.068851195,-2.8152275,-3.7033558,-0.48162678,2.7522519,1.5992326,22.287676,16.378897,0.5723169,-6.2832894,-0.38322395,-1.1020281
13.199886,4.477562,10.37089,6.6459413,-1.4471219,0.7446825,-0.90706575,-9.915901,3.9626508,2.8027225,25.405043,21.972494,0.5888381,2.5418134,2.03967,-7.455991
14.697376,6.3496857,12.039389,2.8520362,0.8260634,2.4371214,-5.670623,15.767576,3.1808255,-0.6547586,23.44965,15.57104,0.23230708,3.1902173,-0.31717628,0.36234447
13.759709,7.8800206,5.1019516,-2.1298733,-1.8150761,0.55246085,-1.1984798,1.1377685,1.8944244,1.6395216,24.626408,15.449938,-0.32623953,6.1458206,4.316826,0.117543206
11.894303,3.910037,7.4903913,5.1423054,-1.3307992,-1.1111741,-0.5042564,-0.56938034,1.2978984,-5.6988482,21.329151,-5.9166102,-2.8737533,-6.30598,-0.25489596,-2.159011
14.337358,7.0650043,10.464427,-1.6944487,-0.6830933,-0.12561433,4.1535196,-11.254959,4.231024,2.1399932,21.568811,21.123724,0.26149535,4.792362,2.3473458,-6.331007
12.48531,5.353952,7.2667756,-1.4306695,1.3515195,-1.5499038,-4.1040907,-9.598354,-7.953129,0.21737345,22.47313,8.475149,-0.03264212,4.075997,0.9544514,-0.06518732
11.675563,5.981813,6.3592052,-3.7504807,-2.653765,-1.2510095,-1.1664782,-6.7393646,2.0348332,3.2537348,24.615808,-6.5045094,0.047625117,-3.2744148,-2.1453207,0.8981453
12.818888,4.573163,6.1127896,-5.2561183,-0.64926577,0.6434396,4.376229,-0.25812113,0.6998286,0.028567838,20.808475,-6.788101,3.5921252,-9.558711,1.9074682,-1.124701
6.3307214,5.1313014,6.95094,-2.3884425,1.7521011,-0.5916118,-5.7651734,0.0915953,0.49578077,0.14980519,23.842875,10.143233,0.25861815,3.6928644,-1.7681814,0.3504632
6.5586877,3.283802,7.9047556,2.5025795,-1.3908225,-3.870956,12.5998745,3.9877837,0.5602757,6.452025,24.448355,-40.763622,1.256536,5.5915685,-0.45118675,2.3629398
14.930126,8.244721,4.654273,-2.4103863,5.6746955,1.5561979,9.456592,-10.103445,3.583735,3.5172226,27.236906,19.80626,1.848816,3.082896,3.0454059,2.381119
12.731234,6.973984,11.436668,0.8230012,2.3875024,0.26367903,2.6617534,-13.112835,3.1497693,0.90960574,22.12887,10.852727,-4.0768023,1.8329139,-0.5460158,-4.228506
6.0501156,4.6911597,10.049118,-3.5330682,1.6160115,-2.990808,-4.9677224,-9.343509,3.6770883,0.90679526,23.769548,13.897342,0.81630415,1.7046503,-2.5081942,1.4742311
5.7681456,4.5346904,9.258286,-2.1145475,0.70352435,-0.6755631,6.4793105,4.574707,-4.5037556,-0.17679238,26.57031,13.049413,0.13047856,4.514915,-0.30884847,-5.6300244
4.0004106,4.905621,-1.4561464,6.1346383,2.5981882,0.51727194,-3.8157883,11.882401,2.5029085,1.6963185,26.36847,11.262823,0.71385944,-6.037012,-1.1774156,0.17620318
12.7751875,6.391002,5.953654,4.9529233,1.2878284,-0.943104,5.281588,0.7853155,2.3062618,2.4316573,23.785717,15.124907,1.2770815,-5.623517,0.82073766,-0.49010256
3.9998567,6.1964703,7.581862,-5.1484814,-0.11114719,-0.9984812,1.8600497,-13.690275,-9.875975,-0.0011551476,24.823277,9.428916,-4.7076797,0.7688052,-1.9588941,3.393334
12.964421,5.3507543,7.798694,4.1818123,2.187556,2.040604,-7.105047,-7.4995437,4.7371793,2.735185,26.337885,16.489996,0.22555327,1.2858596,0.10445524,1.3058136
14.178658,6.762239,7.7177987,-3.4775085,-1.536786,-2.524819,-5.795535,-9.416168,2.1334162,-0.6583899,23.549936,18.738272,-1.176615,1.3606293,0.4643725,0.5166881
2.532935,6.6163125,8.455998,-3.5550559,-2.022871,-2.0420895,-7.984764,-1.1658462,0.4397192,1.8090069,27.094442,13.795178,-1.386222,2.5178661,-1.3990217,0.2426126
6.5134697,3.2908144,6.0952635,-5.868777,-3.5654228,-1.9315369,2.9653585,-12.373307,1.0323473,-2.5732574,27.231478,9.077159,-6.2440233,1.4776655,-1.8994199,0.7460213
18.285654,8.360532,5.4819283,-1.7076449,6.646008,3.6690757,-2.4984336,16.004436,3.1871562,-0.39240074,25.977566,19.598494,-1.0617294,6.9021835,-0.517356,1.9029772
7.865735,8.105315,11.903373,-0.079697266,-1.4079919,-1.963495,-0.41164258,-5.4249887,-2.6384394,0.3396016,25.090109,22.038807,0.44959295,6.1019073,3.9553163,0.72706777
6.518859,6.723583,4.7105837,-4.605336,-0.5010018,-0.836333,7.26999,0.82978845,1.063243,0.06004806,25.475267,10.847206,0.16678204,-11.532503,-2.832074,3.3930655
8.593216,5.4528995,10.162005,0.96901774,-1.6852908,1.0661651,5.271081,-7.464329,1.9207829,-0.70067954,25.965628,11.305279,2.4559631,4.6118565,6.5005455,4.2070284
15.776973,8.957576,10.154172,8.637254,1.9849329,4.5091734,-0.9283453,-8.554935,5.438942,3.241013,26.833332,22.05049,6.3475275,6.611076,10.479383,3.3729458
11.774807,4.946797,-5.7650123,0.90566427,-6.10724,1.4560484,-7.8163066,3.8925424,-5.4981937,1.8258643,23.079746,14.050561,-1.1147814,-5.8507743,-0.10402719,2.9510531
7.4905705,6.742238,6.8373137,5.8138885,-0.12624806,0.34058923,-4.3405585,-4.699508,3.209261,-0.99856234,26.286415,11.638496,2.4967952,-4.63237,0.28215653,1.0210013
5.1454234,4.7997456,6.1446047,-2.097981,-0.2032921,0.21826418,-4.453602,-6.0896416,-6.5222726,0.1328566,23.84498,13.561921,0.36638865,-7.09788,2.3414717,3.3377314
6.1433377,4.4135447,8.699807,-6.360387,-1.5247205,1.6597083,-6.4170585,12.978793,-4.5383186,0.22203773,24.623695,14.049591,-0.8574017,-8.484868,-1.0043075,0.8147752
