,(NH4)2SO4,Triton X-100,Glycine,CSL-P,NaCl,K2HPO4,Tryptone,YE,Methionine,Cysteine,NH4OAc,Glycerol,Na2S2O3,ZnSO4·7H2O,MgSO4·7H2O,FAC,replicate_1,replicate_2,replicate_3,mean_titer(mg/L),STD,CV,mean_output per unit medium cost (mg/CNY)
C1,0,12,38,45,40,28,51,81,159,11,0,99,17,6,26,51,303.0242993,269.3016266,257.1502463,276.4920574,19.40590815,7.018613241,11.27888436
D1,0,41,0,45,51,25,74,117,68,102,6,127,24,35,30,26,306.9663785,325.8183424,237.0263552,289.9370254,38.19688817,13.17420158,8.632520867
E1,0,53,38,0,43,51,74,153,136,57,0,127,14,53,30,31,290.0908777,266.9905093,205.9203174,254.3339014,35.50880729,13.961492,7.852273521
F1,8,29,0,68,21,47,74,117,204,11,0,99,24,18,26,26,297.7831248,259.7505657,210.4264691,255.9867198,35.76237526,13.97040256,7.831432056
G1,0,18,57,45,17,21,85,81,91,0,6,118,42,29,17,6,260.505567,274.8887702,249.6917077,261.6953483,10.32100361,3.943900296,8.843316289
H1,0,35,38,45,36,43,108,99,45,34,0,99,42,6,38,16,310.8065352,320.0134812,338.304448,323.0414881,11.4283397,3.537731257,9.379413784
A2,8,29,9,0,32,51,108,99,23,0,6,99,17,12,30,11,244.6132699,226.9266478,221.1503018,230.8967399,9.981614464,4.322977653,8.545235982
B2,8,24,19,68,32,51,62,117,159,23,0,108,42,41,9,26,236.2925554,259.9931064,266.2497833,254.1784817,12.90261656,5.076203334,7.871874136
C2,8,47,47,45,32,43,96,81,181,0,0,80,42,47,13,21,253.413639,282.8837693,260.3207266,265.5393783,12.58432595,4.739156214,8.333891056
D2,0,12,47,45,25,47,85,99,45,91,6,118,31,29,30,16,371.6617741,336.6024751,327.7566599,345.340303,18.95920165,5.490005505,10.16591173
E2,0,24,47,23,21,40,108,117,0,11,6,127,35,24,34,6,319.6442066,270.8861049,267.0719203,285.8674106,23.93450734,8.372590389,8.697831456
F2,0,47,38,23,40,47,74,172,136,0,0,127,35,41,13,41,313.1357248,318.177479,314.5077908,315.2736649,2.128339538,0.675076854,9.285667389
G2,0,24,9,23,40,28,85,153,0,11,0,80,21,47,38,36,216.3089824,216.0686413,216.3948318,216.2574852,0.138055622,0.063838541,7.203728374
H2,0,18,28,91,40,51,51,99,68,23,0,80,28,18,34,26,250.7105541,251.6409251,261.375988,254.5758224,4.823421096,1.89468939,8.555865848
A3,0,18,0,68,47,36,85,172,45,0,0,89,28,47,42,11,305.3912989,245.9259877,176.1844315,242.5005727,52.80406389,21.77482028,6.745859134
B3,0,29,47,23,40,21,62,226,159,23,0,118,21,24,13,36,268.2187154,275.6971565,253.7497067,265.8885262,9.110249732,3.426341806,7.195041957
C3,8,41,28,0,25,17,142,81,0,102,0,127,31,12,26,31,301.024752,328.6223272,273.4271767,301.024752,22.53332584,7.48553921,8.478751685
D3,8,12,0,45,28,17,74,244,113,23,0,80,31,35,21,16,315.0078719,285.61022,267.3137607,289.3106175,19.64606434,6.790647544,7.382491042
E3,0,41,0,45,17,21,96,190,45,0,0,108,35,12,30,26,314.0447576,300.5922846,302.1326861,305.5899095,6.011464201,1.967167114,8.206795291
F3,8,41,38,45,28,21,85,117,181,91,0,99,10,18,30,11,309.8807702,270.0383637,289.4900402,289.803058,16.26710024,5.613156864,8.054502813
G3,0,47,9,0,36,32,85,244,136,57,0,108,14,53,13,31,220.3972859,227.0594754,265.4199018,237.6255544,19.8408754,8.349638765,6.029647811
H3,8,0,0,0,51,40,62,135,181,79,0,89,24,35,17,51,153.8830476,159.6304358,149.2584476,154.2573103,4.242608416,2.750345126,5.53901422
A4,8,47,38,68,51,47,51,153,68,45,6,80,31,29,42,21,299.9866534,237.0378053,238.4091498,258.4778695,29.35648143,11.35744483,7.608519788
B4,0,35,57,45,21,43,51,226,23,68,6,118,10,47,30,51,279.6770748,219.0274867,239.3401411,246.0149009,25.20591794,10.2456875,6.373587943
C4,8,47,19,0,32,28,96,153,113,79,6,127,10,12,5,16,303.150995,250.2567938,242.5899311,265.3325733,26.92421414,10.14734595,7.604020305
D4,0,29,9,45,36,36,51,208,159,45,6,127,28,12,9,6,288.9058063,241.4749973,275.5982009,268.6596682,19.9754489,7.435224288,7.386512714
E4,8,53,47,45,25,51,108,172,45,23,6,89,38,41,13,16,280.327815,270.7351822,277.1478959,276.0702977,3.98961688,1.445145281,6.817342303
F4,0,12,28,45,51,43,85,99,181,79,0,89,38,12,21,46,262.6441563,256.490067,267.8487766,262.3276666,4.642570795,1.76976026,7.752012002
G4,0,29,19,113,43,47,74,81,45,23,0,99,42,12,17,36,315.6543169,264.5599266,269.844275,283.3528395,22.94224875,8.096706845,8.368576115
H4,8,41,9,45,47,21,74,208,136,57,0,99,10,24,26,16,265.3706371,242.7955027,254.9494275,254.3718558,9.225304496,3.626700158,6.544030923
A5,0,0,19,23,47,17,85,244,136,0,0,118,14,24,30,16,206.3212076,201.9541312,174.6785153,194.3179513,14.00115295,7.20528024,5.034263805
B5,8,0,57,0,43,43,51,172,136,45,6,108,17,12,13,41,194.2497676,170.7305121,148.0614401,171.0139066,18.85737051,11.0268053,5.803364256
C5,8,53,28,91,17,36,74,99,113,57,6,118,10,47,5,31,292.9411391,266.4622967,259.2792206,272.8942188,14.47545983,5.30442158,7.587145542
D5,8,29,38,136,25,40,62,99,181,34,0,127,17,0,26,16,290.6616806,256.2754047,269.9590247,272.2987034,14.13528832,5.19109645,7.085912691
E5,0,12,0,0,43,28,119,226,113,0,6,89,42,47,34,6,273.0084302,270.0271215,263.8121942,268.9492486,3.830930828,1.424406593,6.841793608
F5,0,12,47,0,43,32,96,208,113,23,6,70,10,24,30,21,224.4046618,225.1335913,218.6862131,222.7414887,2.882912887,1.294286441,6.165764402
G5,8,24,0,23,21,25,153,208,113,11,0,118,21,18,5,36,252.8348111,253.896558,283.3888749,263.3734147,14.1597037,5.376284359,5.828228031
H5,0,53,0,113,32,36,51,135,45,23,6,108,17,18,42,41,235.9975739,220.6158591,257.119045,237.910826,14.96364586,6.289602753,6.876695746
A6,0,53,38,0,47,28,74,208,68,102,0,99,35,18,21,31,297.7931856,211.8262201,267.5873559,259.0689205,35.60901194,13.74499568,6.930838482
B6,8,24,38,0,47,32,153,117,0,45,6,89,10,29,26,51,288.7694223,249.7632635,238.680172,259.0709526,21.48190022,8.29189842,7.058842206
E6,0,41,19,45,36,17,142,135,68,57,6,99,14,35,5,16,301.05045,229.6215008,133.6682831,221.4467446,68.57753487,30.967958,5.27293147
F6,8,24,28,23,47,36,51,81,204,11,6,42,35,6,26,31,139.5832557,131.1017943,135.0034063,135.2294854,3.466230529,2.563220971,6.050108875
G6,0,18,19,0,51,51,130,135,181,68,0,99,10,35,21,11,256.7896779,257.8345446,228.0667991,247.5636739,13.79296997,5.571483796,6.602976099
H6,8,41,85,0,17,36,62,99,159,102,6,127,35,24,30,11,0,0,0,0,0,0,0
A7,0,12,38,23,43,17,108,244,136,0,0,127,35,41,26,6,259.7090463,223.7290488,250.9455466,244.7945472,15.31918518,6.257976474,5.656007518
B7,8,18,38,68,40,32,51,226,91,23,6,99,14,0,21,6,290.7854357,240.7993818,249.3629207,260.3159127,21.82700805,8.384815137,6.823281951
C7,8,6,28,45,36,28,74,81,45,0,0,61,31,47,26,41,212.0501714,187.4638952,193.3964979,197.6368548,10.47558155,5.300419075,7.861713491
D7,0,0,28,45,21,17,74,244,23,45,0,80,35,6,30,41,220.4126708,232.1523385,199.4949175,217.3533089,13.50670343,6.214169686,5.473638633
E7,0,29,57,45,40,51,119,153,45,45,0,99,14,24,26,16,291.3761051,290.0095941,286.99715,289.4609498,1.829311318,0.631971711,7.109479848
F7,0,53,57,91,51,51,51,99,181,0,0,80,10,29,21,41,237.362725,234.135093,240.5903569,237.362725,2.635350456,1.110262977,7.552972747
G7,0,41,9,0,21,36,130,81,0,11,6,70,24,0,42,41,195.0273856,175.5711304,202.428983,191.0091664,11.32683028,5.929993043,6.728470504
H7,0,0,47,23,21,36,96,208,0,68,0,99,28,47,9,31,208.2472695,211.3415479,222.3704161,213.9864111,6.06147911,2.832646745,5.407647115
A8,0,35,47,45,36,51,51,135,181,79,6,108,42,53,26,21,239.9421016,207.5507861,259.3040037,235.5989638,21.35019153,9.062090592,6.934171385
B8,0,18,0,23,17,25,85,244,68,79,6,118,28,53,21,41,209.9248064,239.91294,241.6454023,230.4943829,14.5620732,6.317756216,5.553356391
C8,0,41,0,0,25,32,142,244,45,23,6,70,31,53,26,11,291.0244866,231.1052764,241.398936,254.5095663,26.1596943,10.27847192,5.786485839
D8,0,0,19,23,25,25,51,226,23,45,6,80,17,6,30,46,236.4043437,209.6330796,203.2572356,216.431553,14.36075959,6.635243058,6.642230645
E8,8,35,57,0,28,40,96,208,159,45,0,108,24,29,13,51,239.1341094,216.2784312,252.4328264,235.9484557,14.93087104,6.328022362,5.986743282
F8,0,29,28,0,28,25,108,172,68,11,6,61,17,29,42,46,206.4901101,222.4101374,198.9037007,209.2679828,9.795426624,4.680805202,6.24203367
G8,0,18,9,0,47,28,119,99,113,11,0,51,21,53,13,16,186.4631758,185.2706292,184.2726584,185.3354878,0.895450178,0.483150954,6.455780831
H8,0,41,47,68,32,21,85,117,23,57,6,70,35,53,26,16,220.0570738,236.9058703,236.015885,230.992943,7.741358419,3.351339793,6.509350994
A9,0,35,19,0,40,32,142,135,204,34,0,99,35,18,38,36,273.3192688,250.8880382,232.2560175,252.1544415,16.78790208,6.657785594,6.526233618
B9,0,41,19,68,43,25,108,153,181,11,6,80,42,24,38,31,277.6435991,221.5223507,240.4992679,246.5550726,23.30812746,9.453517715,6.040477325
C9,0,47,28,113,40,36,51,153,23,79,0,99,24,53,42,11,301.7436258,271.235665,246.6637514,273.2143474,22.52975114,8.246181562,7.027680237
D9,8,29,0,0,21,43,62,172,113,23,0,42,14,12,13,31,218.8122228,175.1863443,201.5833449,198.527304,17.94080747,9.036947116,7.407177897
E9,0,24,28,68,36,40,130,99,0,34,6,108,42,24,17,16,268.7909672,295.0403565,255.4010926,273.0774721,16.46407007,6.029083959,7.011354395
F9,8,6,0,23,21,17,85,135,23,11,0,70,35,35,34,41,225.3527868,234.9246739,222.3942409,227.5572339,5.347748926,2.350067644,8.083039052
G9,0,47,28,23,43,51,142,117,181,34,6,127,10,0,9,16,265.7099162,270.2917436,264.4978867,266.8331822,2.495127143,0.935088778,6.689858266
H9,8,29,19,23,25,28,153,135,68,79,0,127,38,0,13,11,289.4965377,284.4347334,312.286427,295.4058994,12.11389353,4.100762226,6.875862463
A10,8,0,38,45,17,51,74,153,23,45,6,99,31,0,17,11,255.757262,210.862503,206.3968722,224.3388791,22.29082851,9.936230672,6.689721888
B10,0,47,38,0,43,40,153,244,68,45,0,80,21,53,9,11,297.4197235,294.1273828,267.6895708,286.4122257,13.30697139,4.646090562,5.972632552
C10,8,53,38,45,51,43,74,226,45,45,0,70,24,0,13,31,254.7572825,220.5208137,232.7546081,236.0109014,14.16536936,6.001997906,5.934642845
D10,8,0,38,45,36,28,142,81,23,45,0,80,42,6,21,6,238.5342283,227.9401441,215.6874753,227.3872826,9.335336876,4.105478886,6.210165841
E10,8,29,28,0,43,32,130,153,0,79,6,99,38,0,38,46,205.0886651,261.2329429,256.4661285,240.9292455,25.4177239,10.54987071,6.282643329
F10,8,35,38,204,17,25,51,81,113,102,0,127,14,35,26,51,298.8572744,273.1213294,313.8020864,295.2602301,16.80148893,5.69040027,6.667706228
G10,0,47,0,45,47,32,85,172,204,102,6,80,24,35,9,16,103.4815282,192.5566652,162.3002626,152.7794854,36.98268883,24.20658031,3.798982683
H10,60,47,9,0,47,47,74,135,91,0,0,89,35,24,26,51,227.9496616,218.0450035,249.4834799,231.8260483,13.12413119,5.661197817,8.629905628
A11,8,18,0,45,28,36,153,190,68,23,6,108,21,0,17,41,268.9168507,235.5051512,249.8542455,251.4254158,13.68543869,5.443140521,5.488439551
B11,0,29,9,91,47,25,142,81,45,68,0,89,35,29,42,11,163.5472442,260.301117,189.1560473,204.3348029,40.93184532,20.03175414,4.857628164
C11,8,41,38,0,40,47,96,244,181,102,0,118,21,24,42,6,269.1461673,282.9926358,282.7408631,278.2932221,6.468761119,2.324440772,6.235549552
D11,8,35,19,68,28,21,142,208,23,0,0,108,24,18,9,6,331.3680898,245.2506628,287.3664094,287.995054,35.16010242,12.20857856,6.104536494
E11,15,47,19,0,36,32,62,172,159,11,6,118,17,41,9,16,241.0761143,231.5810857,260.9463989,244.534533,12.23521964,5.003473128,8.248007941
F11,8,53,9,136,47,51,85,99,159,0,6,127,28,24,42,6,255.4721526,265.3603955,250.7209522,257.1845001,6.097946403,2.371039624,6.415212613
G11,8,29,28,0,25,28,74,244,113,68,6,70,28,24,26,46,146.8743049,177.9690577,155.3080192,160.0504606,13.12983816,8.203561619,4.211708447
H11,0,29,28,23,21,36,130,81,45,0,0,51,28,41,26,46,207.1052763,203.0193407,224.47962,211.5347457,9.304158424,4.398406699,6.873955173
A12,8,24,19,68,36,40,62,244,68,91,6,118,14,41,42,36,342.1981786,282.4992252,263.6881235,296.1285091,33.46914223,11.30223575,6.743291964
B12,0,12,85,0,25,25,85,190,68,45,0,127,42,29,13,6,225.9484234,243.6095253,231.5362088,233.6980525,7.370382422,3.153805667,6.422418772
C12,23,41,9,0,25,47,108,99,136,11,0,127,28,6,21,16,258.4990229,246.3452755,211.9917351,238.9453445,19.69435095,8.242199066,8.05080787
D12,8,12,19,23,21,36,96,172,68,0,0,42,24,29,13,41,173.8259339,150.8803966,149.9487604,158.2183636,11.04277061,6.979449388,4.838590347
E12,38,24,0,45,36,36,74,99,0,0,0,99,38,18,26,26,196.1080161,213.1622209,193.2075675,200.8259348,8.803072059,4.383433876,7.583428919
F12,0,41,0,91,25,47,62,244,45,57,0,89,31,24,30,16,291.1483207,229.7515829,197.7336572,239.5445203,38.75995407,16.1806891,5.490872223
