(NH4)2SO4,Triton X-100,Glycine,CSL-P,NaCl,K2HPO4,Tryptone,YE,Methionine,Cysteine,NH4OAc,Glycerol,Na2S2O3,ZnSO4·7H2O,MgSO4·7H2O,FAC,output per unit medium cost (mg/CNY)
0,29,9,91,43,28,142,172,113,91,0,85,17,41,34,51,5.268208214
0,47,0,204,36,17,74,190,159,68,6,85,21,6,9,11,5.42135147
0,24,0,0,43,32,142,172,23,34,6,85,42,24,26,36,7.299499786
0,53,0,45,43,28,96,244,159,91,6,85,14,29,13,46,5.855675638
0,24,0,68,25,21,62,153,68,102,6,85,28,12,17,46,6.181426171
0,24,0,181,47,17,142,81,181,34,6,85,21,35,38,31,4.38139182
0,35,9,0,32,32,153,226,204,45,0,61,10,0,30,46,4.348261369
0,35,38,91,32,40,142,81,113,23,6,42,24,0,21,11,4.118951704
0,24,9,159,43,32,62,81,23,34,0,61,28,41,13,51,6.456197816
0,53,47,68,28,51,85,172,136,45,0,108,28,6,34,6,6.235021186
0,6,57,113,36,51,85,172,91,11,0,80,24,0,13,6,4.828786083
0,47,76,204,25,17,108,135,181,57,0,99,21,0,5,6,3.363512532
0,6,57,204,32,40,85,81,45,23,0,118,42,0,9,46,4.718774114
0,18,9,204,21,32,142,153,23,57,6,61,14,12,5,16,4.507018097
0,35,66,91,32,32,51,117,113,79,6,89,28,0,42,21,5.874979269
0,12,38,91,43,36,51,117,181,34,6,80,38,0,21,6,6.32307632
0,12,66,136,43,47,153,208,136,68,6,99,28,0,42,31,2.335867388
0,35,66,23,32,17,130,81,45,68,6,80,17,0,42,41,6.586841499
0,35,47,204,25,40,74,117,136,23,6,42,31,0,5,31,4.203760346
0,6,57,91,43,47,62,208,204,45,6,51,24,0,38,21,2.836121965
0,41,28,204,21,28,74,190,23,57,6,99,28,0,26,46,4.626639226
0,47,47,181,43,32,51,99,181,11,6,99,24,0,42,16,5.702037132
0,41,76,113,40,36,153,172,68,11,6,42,14,0,5,16,3.520946532
0,53,76,45,47,51,119,117,159,34,6,70,24,6,34,51,4.951730815
0,6,9,0,43,47,142,208,204,68,0,80,17,35,21,51,5.564921582
0,35,9,68,43,32,119,99,181,34,0,61,28,35,21,11,6.491130231
0,12,9,159,36,32,153,226,113,79,0,61,35,53,38,11,3.622522835
0,41,9,0,40,47,108,153,204,57,0,70,24,24,9,11,5.912604977
0,18,57,136,43,47,108,135,204,57,0,80,38,41,13,51,3.353543311
0,24,66,113,47,32,153,172,45,34,0,89,24,6,26,16,4.814736066
0,41,38,136,40,36,85,99,136,102,0,127,17,53,34,6,6.308229953
0,35,47,0,47,47,142,153,181,57,0,80,10,18,13,51,5.703149945
0,6,38,204,21,28,62,244,113,11,0,108,14,12,26,6,3.981540051
0,6,85,113,32,32,119,172,181,45,0,127,28,24,26,16,3.45479545
0,41,9,181,28,51,96,81,113,91,6,99,17,41,5,46,5.924346833
0,18,9,45,25,40,96,226,204,68,6,108,42,18,17,16,6.663152734
0,12,9,113,17,17,74,226,23,79,6,127,21,24,38,6,3.975867853
0,53,0,45,25,17,51,208,181,11,6,127,42,0,17,31,6.878399834
0,6,0,91,36,21,96,81,68,11,0,118,42,0,42,41,5.599827151
0,53,0,45,51,43,51,190,204,68,0,127,17,0,38,36,7.651763932
68,18,85,91,51,43,62,172,181,45,44,51,21,47,38,41,0
23,18,38,0,25,47,74,190,136,91,0,42,10,6,9,6,2.016734105
15,12,9,113,40,21,153,244,204,34,0,80,24,24,13,6,4.075555276
45,0,38,45,36,43,74,99,45,91,56,99,17,47,30,51,0
60,29,76,45,40,36,108,99,68,34,19,80,21,41,17,16,0
60,0,85,45,40,32,142,172,159,79,44,127,17,18,42,26,0
38,12,57,45,47,32,74,153,113,45,31,99,38,35,30,31,0.140069092
0,29,57,159,40,28,142,244,204,23,19,51,28,6,9,51,0.361155557
0,12,28,136,25,21,96,190,204,79,19,108,28,53,30,11,3.819256667
38,12,9,23,51,43,108,226,113,11,6,108,17,53,34,11,5.4931439
8,47,19,23,17,21,51,244,181,91,25,99,17,41,21,46,2.331328912
23,29,19,23,21,40,74,153,204,91,31,51,35,18,17,36,0
0,6,57,136,43,51,142,208,45,91,19,108,10,6,13,21,0.304980636
15,12,66,68,51,21,108,226,45,68,0,118,21,29,17,31,0
60,0,19,91,28,28,119,117,204,11,31,99,31,0,26,51,0
60,47,9,113,43,21,130,135,113,11,44,42,24,18,13,31,0
30,0,38,136,28,21,62,190,113,11,6,51,24,35,26,26,2.960961809
23,0,76,204,51,32,108,244,181,102,25,80,17,12,9,31,0
0,47,9,181,40,47,108,153,23,0,37,51,31,29,42,21,3.363695997
8,35,38,181,21,28,74,190,136,68,19,51,14,18,9,51,1.183615395
0,41,0,159,47,51,74,190,0,11,44,42,35,35,38,51,3.217995147
23,41,0,159,32,17,62,99,23,45,50,61,35,24,5,46,0
15,12,19,113,47,28,153,226,91,34,44,99,31,29,21,16,0
8,53,9,45,28,28,85,117,68,91,6,51,28,0,21,41,3.520569906
68,53,9,0,17,21,85,135,0,34,25,118,14,35,34,16,0
0,29,28,0,28,36,153,117,113,45,12,99,21,18,42,26,5.24867153
0,24,85,136,28,28,108,81,113,79,44,61,31,12,13,6,0
45,18,76,23,32,36,130,153,23,0,31,108,38,29,9,26,0
8,18,38,113,32,17,153,81,204,91,44,99,38,47,21,26,0
53,24,19,0,25,17,85,117,45,23,31,89,10,29,34,26,0.140090362
0,6,38,91,40,25,130,208,181,91,44,118,21,47,17,36,0
68,18,19,113,25,32,108,117,0,45,25,127,38,41,5,16,0
68,6,85,113,40,43,153,117,136,57,25,99,38,53,17,11,0
8,24,66,23,28,21,51,190,45,34,56,108,17,24,26,6,0
45,0,66,159,36,32,142,117,159,91,50,80,28,12,26,36,0
8,12,76,159,36,43,130,190,23,0,19,42,24,12,30,26,1.563916735
8,6,66,91,21,47,142,81,0,79,31,80,35,12,13,21,0
8,41,19,91,28,47,85,190,68,45,0,118,31,6,38,46,5.66408663
60,35,19,204,25,17,62,81,159,11,50,70,28,0,17,31,0
30,53,28,181,21,51,74,117,136,79,50,127,42,53,9,11,0
68,6,66,113,25,28,142,172,91,79,0,80,31,18,42,11,0
15,47,38,136,40,40,108,172,136,68,44,61,14,18,38,36,0
8,29,57,23,21,17,96,135,136,34,0,99,31,53,21,51,6.03884376
8,18,28,45,17,40,142,172,23,34,37,42,24,24,26,26,3.220614151
15,18,76,23,25,40,119,208,204,45,37,89,14,12,9,11,0
23,24,66,68,25,21,119,81,204,45,0,89,28,18,21,51,0
30,47,28,23,25,17,108,135,0,68,19,89,24,41,9,6,0
60,6,9,204,17,51,62,190,204,102,12,118,21,35,34,16,0
68,6,57,113,21,51,142,190,204,102,37,89,17,29,21,21,0
45,6,85,23,36,28,51,135,181,57,25,89,42,41,21,36,0
0,41,38,91,36,36,96,208,204,102,6,108,28,35,26,21,5.966268993
0,47,47,45,40,51,51,190,23,68,0,80,14,53,26,46,7.531730734
0,18,19,23,28,47,96,226,91,91,0,80,31,29,30,46,7.19168579
0,18,0,91,51,43,85,153,159,68,6,108,38,6,17,26,6.144235252
0,35,28,159,51,47,119,208,159,57,0,108,14,18,38,6,5.147466904
0,41,0,45,21,32,62,117,136,102,0,89,31,35,34,31,9.082590345
0,29,9,113,17,51,96,117,204,102,0,70,17,35,26,41,4.538187605
0,47,47,181,32,21,96,190,68,57,0,80,14,6,26,16,4.485060181
0,47,28,181,28,40,142,226,113,79,0,108,21,24,21,41,4.992492655
0,24,19,181,43,36,62,190,45,102,0,80,17,18,34,21,4.818715288
0,18,47,45,28,36,74,117,159,102,6,118,10,35,42,6,8.531845001
0,18,0,204,28,25,130,172,181,91,0,99,24,47,5,26,4.706943105
0,47,0,113,51,36,108,190,68,79,0,89,42,41,13,36,5.579453439
0,41,0,0,36,25,51,190,113,57,0,108,24,24,21,31,8.833145395
0,41,47,68,28,25,142,172,113,79,0,89,10,18,17,41,5.303284478
0,41,19,159,21,43,153,190,113,102,0,118,42,6,26,16,4.713918919
0,29,47,91,51,51,130,226,136,79,0,118,31,53,38,41,5.570614594
0,53,0,113,47,36,51,244,113,102,6,118,17,24,17,51,7.086494717
0,35,28,68,17,28,108,172,23,102,6,80,10,29,42,6,6.241835093
0,53,47,68,28,28,108,172,181,91,6,89,35,6,30,26,5.483279987
0,24,0,204,32,28,119,172,68,91,0,80,28,29,38,46,4.515475792
0,12,28,23,28,43,85,135,68,68,0,89,10,47,21,26,8.517071917
0,12,19,23,32,21,119,153,159,102,0,118,42,41,30,6,5.703256506
0,0,9,23,47,40,74,190,159,79,6,118,14,47,42,41,5.205785574
0,53,0,136,51,43,51,226,23,102,6,89,21,29,13,31,6.382597337
0,0,9,23,25,36,119,226,204,102,6,127,35,41,26,6,4.786676567
0,6,38,204,28,40,96,117,0,102,0,127,38,47,21,46,4.548844083
0,29,28,45,51,28,130,208,159,79,0,127,21,24,5,6,5.964844865
0,41,57,159,36,32,142,226,181,68,6,99,28,53,30,31,4.627006446
0,6,0,45,25,28,74,135,159,102,0,108,17,41,34,6,6.278930628
0,35,19,91,43,43,96,172,113,68,6,80,10,35,5,16,5.468388162
0,18,0,45,40,28,130,208,113,91,6,99,21,35,5,16,6.387514207
0,35,38,113,32,32,153,208,204,45,0,80,28,53,30,26,5.231425937
0,29,0,113,36,32,85,190,159,45,6,127,38,0,13,26,5.964820965
0,41,9,45,25,25,108,117,0,57,6,89,31,18,21,6,7.809719078
0,6,0,113,21,51,119,244,91,57,6,99,31,47,34,46,4.400841181
0,24,28,159,17,32,108,208,136,57,6,70,42,24,26,51,5.148896069
0,6,47,159,43,21,108,81,181,68,6,80,35,53,9,21,4.911051845
0,24,47,113,40,51,74,81,0,79,0,70,35,47,34,16,4.837994246
0,41,28,159,17,32,119,153,181,79,6,42,28,41,30,46,3.320203928
0,41,47,159,51,51,108,117,204,91,6,118,38,12,17,31,4.503495545
0,0,47,181,36,43,85,172,45,91,6,70,21,24,34,6,4.052459145
0,29,57,68,21,32,74,81,113,57,0,118,38,35,26,36,9.541872768
0,53,28,136,40,40,142,99,68,91,6,70,17,41,5,31,4.644579594
0,35,0,113,21,36,85,135,23,0,0,108,10,35,30,16,6.676806342
0,35,47,45,43,17,119,172,181,91,0,108,42,35,38,41,6.794724064
0,35,9,136,40,47,74,244,91,68,0,42,28,18,9,31,3.924742174
0,18,9,91,21,43,62,135,45,11,0,80,17,53,30,36,7.96922758
0,0,38,204,32,51,119,99,45,57,0,108,42,29,17,36,4.237198952
0,24,19,45,21,47,153,117,91,102,6,108,14,6,13,41,5.919283027
0,29,57,113,51,47,96,208,0,79,0,127,31,24,30,21,5.223298831
8,35,0,45,43,40,96,244,136,102,6,108,31,12,38,51,6.76700929
0,29,0,91,17,36,85,135,0,68,0,70,42,18,17,16,5.285556621
0,53,38,136,40,51,74,81,204,23,0,80,10,12,42,26,7.061721378
0,41,28,23,28,17,62,172,91,68,0,70,14,47,13,31,6.903342962
0,41,0,68,47,51,62,226,113,34,0,127,35,53,30,41,6.562722103
0,12,0,113,51,40,62,117,45,102,6,61,14,47,38,11,5.313902203
8,29,19,23,21,51,74,226,204,68,6,108,17,47,5,41,6.499887573
0,35,47,23,40,28,153,135,91,68,0,70,17,0,42,46,4.74780562
0,53,19,45,43,40,62,190,23,34,6,89,17,12,34,11,7.491934887
0,6,38,204,21,43,153,153,0,102,0,99,31,29,21,36,3.52148417
0,35,28,113,51,40,74,99,45,57,6,70,31,29,26,36,6.09107414
0,24,38,68,28,21,153,244,91,79,0,61,10,47,5,6,4.395721873
0,18,0,68,28,21,153,190,91,102,6,127,17,18,38,26,5.058004438
0,12,9,136,21,36,96,135,0,34,6,80,35,24,5,11,5.947604898
0,35,76,0,28,32,96,153,45,57,6,80,14,35,30,16,6.625209127
0,29,9,159,47,40,119,81,45,57,0,118,28,0,9,16,6.71600047
0,35,28,204,47,47,142,190,0,23,6,108,21,12,9,11,3.918326373
0,41,9,91,25,28,74,153,68,79,6,51,42,53,38,46,3.741175058
0,35,38,136,36,17,51,172,181,68,0,61,28,6,17,11,4.454710408
0,12,47,204,21,17,85,153,159,68,6,42,31,6,42,36,3.390746722
0,24,9,23,43,36,108,99,181,34,0,118,28,47,9,11,7.797740956
0,41,38,0,36,28,108,153,159,57,0,127,38,6,26,21,7.52510482
0,47,28,113,40,40,119,208,45,34,6,89,35,6,26,46,5.327364847
8,47,0,181,43,47,119,117,181,11,6,108,38,53,13,11,4.879208325
0,53,85,23,40,36,62,135,181,102,0,118,42,53,34,26,0
0,0,0,91,28,17,119,81,113,91,6,89,14,24,34,51,4.224873794
8,47,19,136,21,40,142,226,0,68,6,108,14,47,17,21,4.970043377
0,24,57,23,40,25,96,208,0,79,6,99,38,6,17,36,5.754452447
0,6,19,204,25,43,142,244,68,68,6,51,28,53,13,26,3.062483755
8,41,38,181,32,40,119,244,136,23,6,108,10,35,42,11,5.15784941
0,24,47,91,47,36,96,99,136,79,6,61,31,47,9,6,4.858433492
0,41,47,91,43,25,130,172,159,11,6,61,21,47,42,36,4.811711751
0,18,9,0,43,47,153,226,159,45,0,99,42,0,42,36,6.169287429
0,18,19,0,17,32,96,99,91,23,0,70,24,41,13,36,8.589145588
0,53,57,113,25,40,108,135,0,68,6,99,28,29,26,26,5.534342598
0,12,28,181,36,28,51,81,91,79,6,51,38,47,34,16,4.195790872
8,12,47,159,43,28,130,99,204,57,0,108,28,53,21,6,4.910240093
0,0,9,204,36,36,85,172,91,34,0,118,17,12,34,46,3.970822113
8,29,47,0,28,32,119,244,204,23,6,127,21,29,34,6,5.993484196
0,35,19,204,25,21,142,190,159,57,6,127,28,35,30,26,4.753756011
0,41,19,159,21,17,142,208,113,91,6,127,17,35,42,21,5.24497662
8,53,38,68,43,25,153,244,204,102,6,108,17,12,26,16,4.744369919
0,24,47,181,51,43,153,226,23,91,0,118,42,18,17,31,4.743103485
0,24,47,68,47,40,153,208,113,57,0,118,28,18,26,11,6.423198811
0,24,19,113,47,32,130,172,136,91,6,99,35,29,26,36,5.42634283
8,47,19,23,21,17,153,244,159,79,6,108,17,47,42,26,6.482626289
0,53,0,159,17,17,85,244,181,57,0,89,24,53,34,6,5.168339196
8,24,28,159,28,43,96,226,181,57,0,89,38,41,9,36,5.522517661
8,24,47,181,21,36,62,244,181,79,0,89,31,12,13,21,5.147593093
0,18,9,159,43,43,85,226,113,34,0,80,31,47,21,16,6.132262141
0,24,19,45,21,40,108,226,159,34,0,80,10,47,38,46,6.656963226
0,41,38,45,32,17,130,244,68,102,6,108,21,41,34,21,6.472796508
0,35,47,0,40,32,108,244,23,102,6,118,14,24,30,6,6.782781998
8,53,28,68,32,32,142,172,181,68,6,89,42,35,21,46,5.64720858
8,18,0,159,28,51,51,226,204,45,0,99,17,47,5,16,5.38598912
0,41,38,45,36,40,74,99,159,102,0,99,38,35,30,36,8.728535794
8,24,28,181,21,43,96,208,45,11,0,118,38,24,26,26,5.629813934
0,41,9,45,51,21,108,244,159,23,6,89,21,6,42,6,6.667484906
0,47,47,0,36,40,96,208,0,79,6,99,10,35,21,11,7.139435437
8,47,9,181,51,21,62,226,91,79,0,89,10,24,17,16,6.028118632
8,41,38,23,36,47,142,208,91,11,6,127,42,0,30,11,5.64643832
0,29,57,68,51,32,130,81,0,57,0,108,14,53,30,46,4.810346428
8,35,9,159,21,40,62,226,45,45,6,127,21,41,38,46,5.658437049
8,24,38,68,25,43,130,244,91,23,0,89,28,0,5,46,5.605997203
0,53,19,159,21,28,153,172,68,68,0,99,21,41,5,11,5.76613006
0,18,57,181,51,40,119,226,68,79,0,89,42,0,26,16,4.777298761
8,12,9,136,21,51,85,226,159,68,6,89,14,41,30,36,5.716760371
0,53,28,23,21,32,96,226,204,68,0,80,38,47,17,16,6.412083254
8,41,38,113,21,28,108,208,45,68,0,89,14,47,17,16,5.951504814
0,41,28,0,40,36,153,172,23,23,0,118,31,53,26,31,8.39344429
0,18,47,181,28,43,96,172,91,0,6,89,42,24,21,6,5.811742987
0,18,19,136,47,36,74,226,23,68,6,80,42,47,30,36,6.16272115
0,53,38,204,40,32,142,153,113,23,6,108,17,0,17,41,4.904279397
8,35,28,0,25,40,62,208,136,79,0,118,28,29,17,6,7.529860383
0,18,38,159,25,32,119,135,136,11,0,118,24,6,5,6,6.584535792
0,47,47,113,28,28,51,244,159,11,0,80,14,6,42,51,6.378730667
0,41,9,181,25,32,119,135,45,0,0,108,17,47,30,31,5.430223624
8,29,57,68,21,43,130,226,181,0,0,127,28,35,42,41,5.44768683
0,24,9,45,40,28,51,208,136,102,0,80,21,12,13,36,6.349955485
8,24,9,45,36,47,130,99,45,57,0,89,10,47,13,6,7.235224733
0,35,28,45,36,51,85,190,136,45,6,118,21,47,17,16,6.794997787
8,53,57,68,40,32,74,244,45,45,6,80,10,35,26,16,5.893206652
0,18,9,0,40,25,96,226,45,34,0,118,28,18,17,51,7.308208704
8,24,9,0,43,47,85,208,91,23,0,127,14,18,9,31,8.219996657
0,24,9,204,47,43,108,135,0,57,6,118,38,6,34,16,5.626245423
0,18,47,23,36,47,153,190,181,45,0,118,21,6,21,26,6.053903871
8,53,47,0,21,51,96,244,68,102,0,80,42,18,21,36,5.725181
0,35,57,159,36,28,130,190,45,57,6,89,42,6,30,6,5.545903995
0,29,38,68,47,51,51,153,91,57,0,108,38,53,34,36,7.863143881
8,47,19,68,40,32,119,190,136,45,0,108,42,0,9,16,5.971860106
0,29,28,68,36,25,108,117,204,0,6,108,24,29,26,26,7.615793355
0,35,19,0,51,36,74,99,181,57,0,118,17,6,26,11,11.78626011
0,47,9,68,36,43,153,99,204,102,0,118,42,41,30,36,5.683475695
8,35,0,136,47,28,62,208,45,91,0,118,28,0,17,11,6.270800713
0,18,28,204,40,36,119,190,91,23,0,80,31,12,34,51,5.534883884
0,53,57,0,36,47,96,190,136,0,6,127,14,6,38,51,8.584384538
0,24,19,23,51,47,74,190,45,45,6,108,31,29,42,11,8.207230296
8,18,28,91,36,32,153,135,91,34,0,89,35,29,9,6,5.839304411
0,24,9,204,21,25,62,172,159,68,0,118,28,6,34,51,5.487745509
0,29,47,181,47,32,51,99,68,23,0,127,24,41,9,46,7.344583318
0,18,28,181,32,17,51,226,91,0,0,108,24,53,42,26,6.517754845
0,41,0,23,51,21,108,208,68,23,6,127,21,29,42,21,7.434712997
0,29,0,159,47,21,96,190,136,102,0,80,14,12,38,41,5.641710372
0,53,9,0,40,47,130,135,23,68,0,127,38,29,38,46,7.849185875
0,41,47,136,21,51,51,99,0,45,0,89,17,24,42,41,7.300662093
0,41,38,68,43,51,108,81,136,34,6,80,17,12,21,26,7.771502943
0,53,0,68,43,36,142,190,45,68,0,80,31,0,42,41,5.186086927
8,29,0,45,17,21,85,172,136,57,0,99,28,47,26,21,7.175186659
8,41,38,136,51,51,153,208,136,23,0,70,28,29,13,11,4.400009302
0,41,57,91,28,36,153,135,68,11,6,127,28,47,34,16,6.527872764
0,53,28,113,21,43,119,153,91,34,0,108,10,41,13,51,6.602970457
8,29,19,23,25,47,85,153,113,57,0,108,35,53,13,16,8.083893541
8,29,38,0,32,40,119,172,204,45,0,108,42,41,26,46,7.05084342
8,24,57,181,36,40,62,244,113,0,0,89,28,6,26,26,5.363164336
0,41,0,159,40,51,119,172,68,11,6,118,28,6,38,41,5.76222435
8,41,9,91,36,40,130,99,204,0,6,118,10,47,9,6,5.815742196
0,18,38,204,21,32,51,153,91,23,6,118,38,53,38,21,6.262700639
0,47,19,68,40,25,62,117,136,45,6,127,38,47,34,26,8.018946038
8,41,47,45,47,25,74,190,159,23,0,118,17,47,26,16,6.894607483
8,29,47,0,47,51,153,99,159,79,6,89,10,24,5,16,6.218821617
0,47,57,91,17,21,74,244,23,45,0,118,24,29,13,31,7.06271049
8,53,28,113,47,51,108,81,0,91,6,127,24,35,5,26,6.986136267
8,47,0,23,25,21,153,190,159,45,6,89,24,0,21,11,5.814948027
8,29,47,113,43,28,119,81,159,79,0,89,38,24,42,16,6.753621433
0,41,47,181,32,21,85,135,45,68,0,118,31,29,5,31,7.024677959
0,24,57,136,43,36,62,208,204,34,0,108,42,12,34,11,5.344567853
8,47,47,159,51,40,62,81,23,79,6,89,31,0,34,26,6.957415311
8,24,19,45,28,32,62,153,0,57,6,118,17,6,38,11,7.898735046
8,29,0,0,43,17,62,244,204,79,6,127,35,12,30,31,6.906819368
