(NH4)2SO4,Triton X-100,Glycine,CSL-P,NaCl,K2HPO4,Tryptone,YE,Methionine,Cysteine,NH4OAc,Glycerol,Na2S2O3,ZnSO4·7H2O,MgSO4·7H2O,FAC,titer(mg/L),output per unit medium cost (mg/CNY),remarks
0,0,0,0,34,34,102,163.2,0,0,0,85,21.25,0,10.625,12.75,166.8991024,5.655487866,control
0,29,9,91,43,28,142,172,113,91,0,85,17,41,34,51,267.1420499,5.268208214,R1
0,47,0,204,36,17,74,190,159,68,6,85,21,6,9,11,289.3064796,5.425657583,R1
0,24,0,0,43,32,142,172,23,34,6,85,42,24,26,36,282.5122654,7.307496434,R1
0,53,0,45,43,28,96,244,159,91,6,85,14,29,13,46,272.0245024,5.861019136,R1
0,24,0,68,25,21,62,153,68,102,6,85,28,12,17,46,221.2243269,6.18875007,R1
0,24,0,181,47,17,142,81,181,34,6,85,21,35,38,31,220.632717,4.385079925,R1
0,35,9,0,32,32,153,226,204,45,0,61,10,0,30,46,200.2947308,4.348261369,R1
0,35,38,91,32,40,142,81,113,23,6,42,24,0,21,11,168.7870813,4.123213247,R1
0,24,9,159,43,32,62,81,23,34,0,61,28,41,13,51,228.4927552,6.456197816,R1
0,53,47,68,28,51,85,172,136,45,0,108,28,6,34,6,258.2646416,6.235021186,R1
0,6,57,113,36,51,85,172,91,11,0,80,24,0,13,6,205.3538425,4.828786083,R1
0,47,76,204,25,17,108,135,181,57,0,99,21,0,5,6,188.0501473,3.363512532,R1
0,6,57,204,32,40,85,81,45,23,0,118,42,0,9,46,213.3624249,4.718774114,R1
0,18,9,204,21,32,142,153,23,57,6,61,14,12,5,16,256.1282922,4.510379561,R1
0,35,66,91,32,32,51,117,113,79,6,89,28,0,42,21,210.1789731,5.881942671,R1
0,12,38,91,43,36,51,117,181,34,6,80,38,0,21,6,210.8170925,6.331118738,R1
0,12,66,136,43,47,153,208,136,68,6,99,28,0,42,31,142.4851901,2.337490363,R1
0,35,66,23,32,17,130,81,45,68,6,80,17,0,42,41,232.2038311,6.594764518,R1
0,35,47,204,25,40,74,117,136,23,6,42,31,0,5,31,194.4820268,4.20761227,R1
0,6,57,91,43,47,62,208,204,45,6,51,24,0,38,21,120.7724501,2.838945529,R1
0,41,28,204,21,28,74,190,23,57,6,99,28,0,26,46,243.7483914,4.63036162,R1
0,47,47,181,43,32,51,99,181,11,6,99,24,0,42,16,232.3272221,5.707970417,R1
0,41,76,113,40,36,153,172,68,11,6,42,14,0,5,16,182.7385334,3.523822122,R1
0,53,76,45,47,51,119,117,159,34,6,70,24,6,34,51,196.6048136,4.957018518,R1
0,6,9,0,43,47,142,208,204,68,0,80,17,35,21,51,247.1673015,5.564921582,R1
0,35,9,68,43,32,119,99,181,34,0,61,28,35,21,11,244.9066017,6.491130231,R1
0,12,9,159,36,32,153,226,113,79,0,61,35,53,38,11,225.2548455,3.622522835,R1
0,41,9,0,40,47,108,153,204,57,0,70,24,24,9,11,209.5424978,5.912604977,R1
0,18,57,136,43,47,108,135,204,57,0,80,38,41,13,51,164.4191075,3.353543311,R1
0,24,66,113,47,32,153,172,45,34,0,89,24,6,26,16,254.9637366,4.814736066,R1
0,41,38,136,40,36,85,99,136,102,0,127,17,53,34,6,279.7002071,6.308229953,R1
0,35,47,0,47,47,142,153,181,57,0,80,10,18,13,51,233.2047937,5.703149945,R1
0,6,38,204,21,28,62,244,113,11,0,108,14,12,26,6,213.9146284,3.981540051,R1
0,6,85,113,32,32,119,172,181,45,0,127,28,24,26,16,178.133513,3.45479545,R1
0,41,9,181,28,51,96,81,113,91,6,99,17,41,5,46,277.2730369,5.929712826,R1
0,18,9,45,25,40,96,226,204,68,6,108,42,18,17,16,301.5462761,6.669394331,R1
0,12,9,113,17,17,74,226,23,79,6,127,21,24,38,6,186.0323443,3.979469924,R1
0,53,0,45,25,17,51,208,181,11,6,127,42,0,17,31,244.249955,6.886613598,R1
0,6,0,91,36,21,96,81,68,11,0,118,42,0,42,41,187.6654921,5.599827151,R1
0,53,0,45,51,43,51,190,204,68,0,127,17,0,38,36,278.3818843,7.651763932,R1
68,18,85,91,51,43,62,172,181,45,44,51,21,47,38,41,0,0,R1
23,18,38,0,25,47,74,190,136,91,0,42,10,6,9,6,68.59724604,2.016734105,R1
15,12,9,113,40,21,153,244,204,34,0,80,24,24,13,6,237.3496374,4.075555276,R1
45,0,38,45,36,43,74,99,45,91,56,99,17,47,30,51,0,0,R1
60,29,76,45,40,36,108,99,68,34,19,80,21,41,17,16,0,0,R1
60,0,85,45,40,32,142,172,159,79,44,127,17,18,42,26,0,0,R1
38,12,57,45,47,32,74,153,113,45,31,99,38,35,30,31,5.158785853,0.140906273,R1
0,29,57,159,40,28,142,244,204,23,19,51,28,6,9,51,22.68486548,0.361928357,R1
0,12,28,136,25,21,96,190,204,79,19,108,28,53,30,11,199.8721527,3.829069757,R1
38,12,9,23,51,43,108,226,113,11,6,108,17,53,34,11,225.7319337,5.498811255,R1
8,47,19,23,17,21,51,244,181,91,25,99,17,41,21,46,93.14915727,2.341671349,R1
23,29,19,23,21,40,74,153,204,91,31,51,35,18,17,36,0,0,R1
0,6,57,136,43,51,142,208,45,91,19,108,10,6,13,21,18.05826298,0.305673008,R1
15,12,66,68,51,21,108,226,45,68,0,118,21,29,17,31,0,0,R1
60,0,19,91,28,28,119,117,204,11,31,99,31,0,26,51,0,0,R1
60,47,9,113,43,21,130,135,113,11,44,42,24,18,13,31,0,0,R1
30,0,38,136,28,21,62,190,113,11,6,51,24,35,26,26,125.1705151,2.963931303,R1
23,0,76,204,51,32,108,244,181,102,25,80,17,12,9,31,0,0,R1
0,47,9,181,40,47,108,153,23,0,37,51,31,29,42,21,167.4316802,3.38143849,R1
8,35,38,181,21,28,74,190,136,68,19,51,14,18,9,51,61.23369633,1.186691803,R1
0,41,0,159,47,51,74,190,0,11,44,42,35,35,38,51,148.1198872,3.239856792,R1
23,41,0,159,32,17,62,99,23,45,50,61,35,24,5,46,0,0,R1
15,12,19,113,47,28,153,226,91,34,44,99,31,29,21,16,0,0,R1
8,53,9,45,28,28,85,117,68,91,6,51,28,0,21,41,118.3228754,3.525012007,R1
68,53,9,0,17,21,85,135,0,34,25,118,14,35,34,16,0,0,R1
0,29,28,0,28,36,153,117,113,45,12,99,21,18,42,26,201.4391722,5.260281418,R1
0,24,85,136,28,28,108,81,113,79,44,61,31,12,13,6,0,0,R1
45,18,76,23,32,36,130,153,23,0,31,108,38,29,9,26,0,0,R1
8,18,38,113,32,17,153,81,204,91,44,99,38,47,21,26,0,0,R1
53,24,19,0,25,17,85,117,45,23,31,89,10,29,34,26,3.832657729,0.141219893,R1
0,6,38,91,40,25,130,208,181,91,44,118,21,47,17,36,0,0,R1
68,18,19,113,25,32,108,117,0,45,25,127,38,41,5,16,0,0,R1
68,6,85,113,40,43,153,117,136,57,25,99,38,53,17,11,0,0,R1
8,24,66,23,28,21,51,190,45,34,56,108,17,24,26,6,0,0,R1
45,0,66,159,36,32,142,117,159,91,50,80,28,12,26,36,0,0,R1
8,12,76,159,36,43,130,190,23,0,19,42,24,12,30,26,84.48032391,1.567809312,R1
8,6,66,91,21,47,142,81,0,79,31,80,35,12,13,21,0,0,R1
8,41,19,91,28,47,85,190,68,45,0,118,31,6,38,46,246.2981559,5.66408663,R1
60,35,19,204,25,17,62,81,159,11,50,70,28,0,17,31,0,0,R1
30,53,28,181,21,51,74,117,136,79,50,127,42,53,9,11,0,0,R1
68,6,66,113,25,28,142,172,91,79,0,80,31,18,42,11,0,0,R1
15,47,38,136,40,40,108,172,136,68,44,61,14,18,38,36,0,0,R1
8,29,57,23,21,17,96,135,136,34,0,99,31,53,21,51,210.4220615,6.03884376,R1
8,18,28,45,17,40,142,172,23,34,37,42,24,24,26,26,140.8256277,3.239966405,R1
15,18,76,23,25,40,119,208,204,45,37,89,14,12,9,11,0,0,R1
23,24,66,68,25,21,119,81,204,45,0,89,28,18,21,51,0,0,R1
30,47,28,23,25,17,108,135,0,68,19,89,24,41,9,6,0,0,R1
60,6,9,204,17,51,62,190,204,102,12,118,21,35,34,16,0,0,R1
68,6,57,113,21,51,142,190,204,102,37,89,17,29,21,21,0,0,R1
45,6,85,23,36,28,51,135,181,57,25,89,42,41,21,36,0,0,R1
0,41,38,91,36,36,96,208,204,102,6,108,28,35,26,21,303.7960999,5.971235699,R2
0,47,47,45,40,51,51,190,23,68,0,80,14,53,26,46,263.2208396,7.531730734,R2
0,18,19,23,28,47,96,226,91,91,0,80,31,29,30,46,304.0953402,7.19168579,R2
0,18,0,91,51,43,85,153,159,68,6,108,38,6,17,26,255.5014595,6.150499493,R2
0,35,28,159,51,47,119,208,159,57,0,108,14,18,38,6,295.0161409,5.147466904,R2
0,41,0,45,21,32,62,117,136,102,0,89,31,35,34,31,290.4331366,9.082590345,R2
0,29,9,113,17,51,96,117,204,102,0,70,17,35,26,41,197.6085453,4.538187605,R2
0,47,47,181,32,21,96,190,68,57,0,80,14,6,26,16,241.0245592,4.485060181,R2
0,47,28,181,28,40,142,226,113,79,0,108,21,24,21,41,323.0459213,4.992492655,R2
0,24,19,181,43,36,62,190,45,102,0,80,17,18,34,21,239.536897,4.818715288,R2
0,18,47,45,28,36,74,117,159,102,6,118,10,35,42,6,301.4262696,8.542085222,R2
0,18,0,204,28,25,130,172,181,91,0,99,24,47,5,26,285.307336,4.706943105,R2
0,47,0,113,51,36,108,190,68,79,0,89,42,41,13,36,275.305737,5.579453439,R2
0,41,0,0,36,25,51,190,113,57,0,108,24,24,21,31,263.7156134,8.833145395,R2
0,41,47,68,28,25,142,172,113,79,0,89,10,18,17,41,260.6164765,5.303284478,R2
0,41,19,159,21,43,153,190,113,102,0,118,42,6,26,16,293.8447534,4.713918919,R2
0,29,47,91,51,51,130,226,136,79,0,118,31,53,38,41,310.0422285,5.570614594,R2
0,53,0,113,47,36,51,244,113,102,6,118,17,24,17,51,337.8750474,7.092795236,R2
0,35,28,68,17,28,108,172,23,102,6,80,10,29,42,6,273.1174279,6.247882641,R2
0,53,47,68,28,28,108,172,181,91,6,89,35,6,30,26,256.6937016,5.488245251,R2
0,24,0,204,32,28,119,172,68,91,0,80,28,29,38,46,260.4718105,4.515475792,R2
0,12,28,23,28,43,85,135,68,68,0,89,10,47,21,26,274.1377313,8.517071917,R2
0,12,19,23,32,21,119,153,159,102,0,118,42,41,30,6,236.7273625,5.703256506,R2
0,0,9,23,47,40,74,190,159,79,6,118,14,47,42,41,191.1584918,5.211796809,R2
0,53,0,136,51,43,51,226,23,102,6,89,21,29,13,31,299.9056188,6.38835552,R2
0,0,9,23,25,36,119,226,204,102,6,127,35,41,26,6,227.9635118,4.790937187,R2
0,6,38,204,28,40,96,117,0,102,0,127,38,47,21,46,236.893011,4.548844083,R2
0,29,28,45,51,28,130,208,159,79,0,127,21,24,5,6,291.4688321,5.964844865,R2
0,41,57,159,36,32,142,226,181,68,6,99,28,53,30,31,296.1618141,4.630070117,R2
0,6,0,45,25,28,74,135,159,102,0,108,17,41,34,6,217.5129567,6.278930628,R2
0,35,19,91,43,43,96,172,113,68,6,80,10,35,5,16,239.9115058,5.473672257,R2
0,18,0,45,40,28,130,208,113,91,6,99,21,35,5,16,302.6256943,6.393229387,R2
0,35,38,113,32,32,153,208,204,45,0,80,28,53,30,26,301.0519206,5.231425937,R2
0,29,0,113,36,32,85,190,159,45,6,127,38,0,13,26,274.9198614,5.970307164,R2
0,41,9,45,25,25,108,117,0,57,6,89,31,18,21,6,273.5386816,7.819174069,R2
0,6,0,113,21,51,119,244,91,57,6,99,31,47,34,46,237.5530268,4.404296875,R2
0,24,28,159,17,32,108,208,136,57,6,70,42,24,26,51,284.4481465,5.152846476,R2
0,6,47,159,43,21,108,81,181,68,6,80,35,53,9,21,228.2486224,4.915531251,R2
0,24,47,113,40,51,74,81,0,79,0,70,35,47,34,16,174.0341731,4.837994246,R2
0,41,28,159,17,32,119,153,181,79,6,42,28,41,30,46,177.1766359,3.322841179,R2
0,41,47,159,51,51,108,117,204,91,6,118,38,12,17,31,235.4101842,4.507147369,R2
0,0,47,181,36,43,85,172,45,91,6,70,21,24,34,6,208.8786574,4.05579175,R2
0,29,57,68,21,32,74,81,113,57,0,118,38,35,26,36,316.6214531,9.541872768,R2
0,53,28,136,40,40,142,99,68,91,6,70,17,41,5,31,231.1412301,4.648535707,R2
0,35,0,113,21,36,85,135,23,0,0,108,10,35,30,16,248.9008932,6.676806342,R2
0,35,47,45,43,17,119,172,181,91,0,108,42,35,38,41,313.6787562,6.794724064,R2
0,35,9,136,40,47,74,244,91,68,0,42,28,18,9,31,195.4486326,3.924742174,R2
0,18,9,91,21,43,62,135,45,11,0,80,17,53,30,36,258.897384,7.96922758,R2
0,0,38,204,32,51,119,99,45,57,0,108,42,29,17,36,220.3503372,4.237198952,R2
0,24,19,45,21,47,153,117,91,102,6,108,14,6,13,41,262.3379022,5.924945106,R2
0,29,57,113,51,47,96,208,0,79,0,127,31,24,30,21,263.3764125,5.223298831,R2
8,35,0,45,43,40,96,244,136,102,6,108,31,12,38,51,320.0560858,6.77307442,R2
0,29,0,91,17,36,85,135,0,68,0,70,42,18,17,16,198.0850395,5.285556621,R2
0,53,38,136,40,51,74,81,204,23,0,80,10,12,42,26,268.4798675,7.061721378,R2
0,41,28,23,28,17,62,172,91,68,0,70,14,47,13,31,222.8095686,6.903342962,R2
0,41,0,68,47,51,62,226,113,34,0,127,35,53,30,41,268.6036147,6.562722103,R2
0,12,0,113,51,40,62,117,45,102,6,61,14,47,38,11,193.4163751,5.320092665,R2
8,29,19,23,21,51,74,226,204,68,6,108,17,47,5,41,262.6185058,6.506708217,R2
0,35,47,23,40,28,153,135,91,68,0,70,17,0,42,46,200.9018867,4.74780562,R2
0,53,19,45,43,40,62,190,23,34,6,89,17,12,34,11,257.1647547,7.501190311,R2
0,6,38,204,21,43,153,153,0,102,0,99,31,29,21,36,217.8955948,3.52148417,R2
0,35,28,113,51,40,74,99,45,57,6,70,31,29,26,36,222.7657588,6.098136114,R2
0,24,38,68,28,21,153,244,91,79,0,61,10,47,5,6,241.3409761,4.395721873,R2
0,18,0,68,28,21,153,190,91,102,6,127,17,18,38,26,262.4914836,5.062135687,R2
0,12,9,136,21,36,96,135,0,34,6,80,35,24,5,11,250.5277984,5.953591065,R2
0,35,76,0,28,32,96,153,45,57,6,80,14,35,30,16,226.1349115,6.63344016,R2
0,29,9,159,47,40,119,81,45,57,0,118,28,0,9,16,305.2648978,6.71600047,R2
0,35,28,204,47,47,142,190,0,23,6,108,21,12,9,11,236.4552957,3.921078324,R2
0,41,9,91,25,28,74,153,68,79,6,51,42,53,38,46,146.8059364,3.745217325,R2
0,35,38,136,36,17,51,172,181,68,0,61,28,6,17,11,191.3894108,4.454710408,R2
0,12,47,204,21,17,85,153,159,68,6,42,31,6,42,36,177.0628072,3.393499044,R2
0,24,9,23,43,36,108,99,181,34,0,118,28,47,9,11,256.2748115,7.797740956,R2
0,41,38,0,36,28,108,153,159,57,0,127,38,6,26,21,279.1908793,7.52510482,R2
0,47,28,113,40,40,119,208,45,34,6,89,35,6,26,46,271.5032705,5.331795772,R2
8,47,0,181,43,47,119,117,181,11,6,108,38,53,13,11,247.536853,4.883284991,R2
0,53,85,23,40,36,62,135,181,102,0,118,42,53,34,26,0,0,R2
0,0,0,91,28,17,119,81,113,91,6,89,14,24,34,51,166.8085945,4.229410689,R2
8,47,19,136,21,40,142,226,0,68,6,108,14,47,17,21,290.161739,4.973651481,R2
0,24,57,23,40,25,96,208,0,79,6,99,38,6,17,36,236.293605,5.760393833,R2
0,6,19,204,25,43,142,244,68,68,6,51,28,53,13,26,200.9083235,3.064462153,R2
8,41,38,181,32,40,119,244,136,23,6,108,10,35,42,11,315.5447267,5.161422638,R2
0,24,47,91,47,36,96,99,136,79,6,61,31,47,9,6,192.3789566,4.863635647,R2
0,41,47,91,43,25,130,172,159,11,6,61,21,47,42,36,228.6591883,4.816003965,R2
0,18,9,0,43,47,153,226,159,45,0,99,42,0,42,36,289.2063964,6.169287429,R2
0,18,19,0,17,32,96,99,91,23,0,70,24,41,13,36,227.9801958,8.589145588,R2
0,53,57,113,25,40,108,135,0,68,6,99,28,29,26,26,253.0206245,5.53947431,R2
0,12,28,181,36,28,51,81,91,79,6,51,38,47,34,16,164.9342883,4.200316392,R2
8,12,47,159,43,28,130,99,204,57,0,108,28,53,21,6,251.0430493,4.910240093,R2
0,0,9,204,36,36,85,172,91,34,0,118,17,12,34,46,203.568372,3.970822113,R2
8,29,47,0,28,32,119,244,204,23,6,127,21,29,34,6,269.4455293,5.999135917,R2
0,35,19,204,25,21,142,190,159,57,6,127,28,35,30,26,303.0607262,4.756916224,R3
0,41,19,159,21,17,142,208,113,91,6,127,17,35,42,21,322.8072693,5.248588442,R3
8,53,38,68,43,25,153,244,204,102,6,108,17,12,26,16,280.5200476,4.747770773,R3
0,24,47,181,51,43,153,226,23,91,0,118,42,18,17,31,315.6410709,4.743103485,R3
0,24,47,68,47,40,153,208,113,57,0,118,28,18,26,11,342.9521614,6.423198811,R3
0,24,19,113,47,32,130,172,136,91,6,99,35,29,26,36,285.2416351,5.430718405,R3
8,47,19,23,21,17,153,244,159,79,6,108,17,47,42,26,340.8413438,6.487852456,R3
0,53,0,159,17,17,85,244,181,57,0,89,24,53,34,6,283.3662113,5.168339196,R3
8,24,28,159,28,43,96,226,181,57,0,89,38,41,9,36,308.4393164,5.522517661,R3
8,24,47,181,21,36,62,244,181,79,0,89,31,12,13,21,288.008524,5.147593093,R3
0,18,9,159,43,43,85,226,113,34,0,80,31,47,21,16,315.8960101,6.132262141,R3
0,24,19,45,21,40,108,226,159,34,0,80,10,47,38,46,293.492461,6.656963226,R3
0,41,38,45,32,17,130,244,68,102,6,108,21,41,34,21,336.7233423,6.478070603,R3
0,35,47,0,40,32,108,244,23,102,6,118,14,24,30,6,301.2558101,6.78925608,R3
8,53,28,68,32,32,142,172,181,68,6,89,42,35,21,46,283.727585,5.651973065,R3
8,18,0,159,28,51,51,226,204,45,0,99,17,47,5,16,259.8272373,5.38598912,R3
0,41,38,45,36,40,74,99,159,102,0,99,38,35,30,36,298.401529,8.728535794,R3
8,24,28,181,21,43,96,208,45,11,0,118,38,24,26,26,301.2660341,5.629813934,R3
0,41,9,45,51,21,108,244,159,23,6,89,21,6,42,6,302.3356284,6.673718294,R3
0,47,47,0,36,40,96,208,0,79,6,99,10,35,21,11,275.2188526,7.147287984,R3
8,47,9,181,51,21,62,226,91,79,0,89,10,24,17,16,314.5435283,6.028118632,R3
8,41,38,23,36,47,142,208,91,11,6,127,42,0,30,11,260.1715363,5.651633162,R3
0,29,57,68,51,32,130,81,0,57,0,108,14,53,30,46,187.2390902,4.810346428,R3
8,35,9,159,21,40,62,226,45,45,6,127,21,41,38,46,279.1379025,5.663299226,R3
8,24,38,68,25,43,130,244,91,23,0,89,28,0,5,46,283.0653316,5.605997203,R3
0,53,19,159,21,28,153,172,68,68,0,99,21,41,5,11,335.9807442,5.76613006,R3
0,18,57,181,51,40,119,226,68,79,0,89,42,0,26,16,293.58024,4.777298761,R3
8,12,9,136,21,51,85,226,159,68,6,89,14,41,30,36,292.945243,5.721489228,R3
0,53,28,23,21,32,96,226,204,68,0,80,38,47,17,16,279.5981661,6.412083254,R3
8,41,38,113,21,28,108,208,45,68,0,89,14,47,17,16,300.0200769,5.951504814,R3
0,41,28,0,40,36,153,172,23,23,0,118,31,53,26,31,347.0202986,8.39344429,R3
0,18,47,181,28,43,96,172,91,0,6,89,42,24,21,6,295.7221867,5.816584422,R3
0,18,19,136,47,36,74,226,23,68,6,80,42,47,30,36,301.698363,6.168057343,R3
0,53,38,204,40,32,142,153,113,23,6,108,17,0,17,41,290.2219843,4.907791883,R3
8,35,28,0,25,40,62,208,136,79,0,118,28,29,17,6,265.1144958,7.529860383,R3
0,18,38,159,25,32,119,135,136,11,0,118,24,6,5,6,325.0596461,6.584535792,R3
0,47,47,113,28,28,51,244,159,11,0,80,14,6,42,51,284.4182349,6.378730667,R3
0,41,9,181,25,32,119,135,45,0,0,108,17,47,30,31,268.1859295,5.430223624,R3
8,29,57,68,21,43,130,226,181,0,0,127,28,35,42,41,277.0328847,5.44768683,R3
0,24,9,45,40,28,51,208,136,102,0,80,21,12,13,36,235.8460424,6.349955485,R3
8,24,9,45,36,47,130,99,45,57,0,89,10,47,13,6,264.15877,7.235224733,R3
0,35,28,45,36,51,85,190,136,45,6,118,21,47,17,16,272.3849528,6.802184631,R3
8,53,57,68,40,32,74,244,45,45,6,80,10,35,26,16,260.2875461,5.898863183,R3
0,18,9,0,40,25,96,226,45,34,0,118,28,18,17,51,271.9502766,7.308208704,R3
8,24,9,0,43,47,85,208,91,23,0,127,14,18,9,31,284.1077058,8.219996657,R3
0,24,9,204,47,43,108,135,0,57,6,118,38,6,34,16,295.5735589,5.630784898,R3
0,18,47,23,36,47,153,190,181,45,0,118,21,6,21,26,288.2395537,6.053903871,R3
8,53,47,0,21,51,96,244,68,102,0,80,42,18,21,36,249.0964691,5.725181,R3
0,35,57,159,36,28,130,190,45,57,6,89,42,6,30,6,316.9437939,5.550017083,R3
0,29,38,68,47,51,51,153,91,57,0,108,38,53,34,36,275.6232302,7.863143881,R3
8,47,19,68,40,32,119,190,136,45,0,108,42,0,9,16,278.1709299,5.971860106,R3
0,29,28,68,36,25,108,117,204,0,6,108,24,29,26,26,289.3224485,7.624293301,R3
0,35,19,0,51,36,74,99,181,57,0,118,17,6,26,11,320.0591101,11.78626011,R3
0,47,9,68,36,43,153,99,204,102,0,118,42,41,30,36,269.3084334,5.683475695,R3
8,35,0,136,47,28,62,208,45,91,0,118,28,0,17,11,293.1498263,6.270800713,R3
0,18,28,204,40,36,119,190,91,23,0,80,31,12,34,51,317.7301005,5.534883884,R3
0,53,57,0,36,47,96,190,136,0,6,127,14,6,38,51,313.550523,8.594350019,R3
0,24,19,23,51,47,74,190,45,45,6,108,31,29,42,11,286.1505686,8.217212124,R3
8,18,28,91,36,32,153,135,91,34,0,89,35,29,9,6,276.5611905,5.839304411,R3
0,24,9,204,21,25,62,172,159,68,0,118,28,6,34,51,279.4564157,5.487745509,R3
0,29,47,181,47,32,51,99,68,23,0,127,24,41,9,46,294.5504701,7.344583318,R3
0,18,28,181,32,17,51,226,91,0,0,108,24,53,42,26,313.8666713,6.517754845,R3
0,41,0,23,51,21,108,208,68,23,6,127,21,29,42,21,296.4963368,7.442617128,R3
0,29,0,159,47,21,96,190,136,102,0,80,14,12,38,41,296.4971947,5.641710372,R3
0,53,9,0,40,47,130,135,23,68,0,127,38,29,38,46,291.8961522,7.849185875,R3
0,41,47,136,21,51,51,99,0,45,0,89,17,24,42,41,257.5548015,7.300662093,R3
0,41,38,68,43,51,108,81,136,34,6,80,17,12,21,26,278.2775339,7.780705944,R3
0,53,0,68,43,36,142,190,45,68,0,80,31,0,42,41,251.0789074,5.186086927,R3
8,29,0,45,17,21,85,172,136,57,0,99,28,47,26,21,268.3971763,7.175186659,R3
8,41,38,136,51,51,153,208,136,23,0,70,28,29,13,11,255.5641252,4.400009302,R3
0,41,57,91,28,36,153,135,68,11,6,127,28,47,34,16,316.3791441,6.533582273,R3
0,53,28,113,21,43,119,153,91,34,0,108,10,41,13,51,310.1594048,6.602970457,R3
8,29,19,23,25,47,85,153,113,57,0,108,35,53,13,16,280.754821,8.083893541,R3
8,29,38,0,32,40,119,172,204,45,0,108,42,41,26,46,281.741019,7.05084342,R3
8,24,57,181,36,40,62,244,113,0,0,89,28,6,26,26,279.7501728,5.363164336,R3
0,41,0,159,40,51,119,172,68,11,6,118,28,6,38,41,296.053271,5.766978274,R3
8,41,9,91,36,40,130,99,204,0,6,118,10,47,9,6,241.2404347,5.821686314,R3
0,18,38,204,21,32,51,153,91,23,6,118,38,53,38,21,292.6094801,6.268382785,R3
0,47,19,68,40,25,62,117,136,45,6,127,38,47,34,26,270.274746,8.029035285,R3
8,41,47,45,47,25,74,190,159,23,0,118,17,47,26,16,263.4278162,6.894607483,R3
8,29,47,0,47,51,153,99,159,79,6,89,10,24,5,16,243.0043177,6.225569332,R3
0,47,57,91,17,21,74,244,23,45,0,118,24,29,13,31,329.4137744,7.06271049,R3
8,53,28,113,47,51,108,81,0,91,6,127,24,35,5,26,294.2880314,6.993167345,R3
8,47,0,23,25,21,153,190,159,45,6,89,24,0,21,11,266.1260221,5.82033432,R3
8,29,47,113,43,28,119,81,159,79,0,89,38,24,42,16,298.8386747,6.753621433,R3
0,41,47,181,32,21,85,135,45,68,0,118,31,29,5,31,345.5337271,7.024677959,R3
0,24,57,136,43,36,62,208,204,34,0,108,42,12,34,11,257.0520462,5.344567853,R3
8,47,47,159,51,40,62,81,23,79,6,89,31,0,34,26,276.9377883,6.964826016,R3
8,24,19,45,28,32,62,153,0,57,6,118,17,6,38,11,252.8252389,7.909200384,R3
8,29,0,0,43,17,62,244,204,79,6,127,35,12,30,31,263.8469516,6.914485379,R3
0,12,38,45,40,28,51,81,159,11,0,99,17,6,26,51,276.4920574,11.27888436,R4
0,41,0,45,51,25,74,117,68,102,6,127,24,35,30,26,289.9370254,8.632520867,R4
0,53,38,0,43,51,74,153,136,57,0,127,14,53,30,31,254.3339014,7.852273521,R4
8,29,0,68,21,47,74,117,204,11,0,99,24,18,26,26,255.9867198,7.831432056,R4
0,18,57,45,17,21,85,81,91,0,6,118,42,29,17,6,261.6953483,8.843316289,R4
0,35,38,45,36,43,108,99,45,34,0,99,42,6,38,16,323.0414881,9.379413784,R4
8,29,9,0,32,51,108,99,23,0,6,99,17,12,30,11,230.8967399,8.545235982,R4
8,24,19,68,32,51,62,117,159,23,0,108,42,41,9,26,254.1784817,7.871874136,R4
8,47,47,45,32,43,96,81,181,0,0,80,42,47,13,21,265.5393783,8.333891056,R4
0,12,47,45,25,47,85,99,45,91,6,118,31,29,30,16,345.340303,10.16591173,R4
0,24,47,23,21,40,108,117,0,11,6,127,35,24,34,6,285.8674106,8.697831456,R4
0,47,38,23,40,47,74,172,136,0,0,127,35,41,13,41,315.2736649,9.285667389,R4
0,24,9,23,40,28,85,153,0,11,0,80,21,47,38,36,216.2574852,7.203728374,R4
0,18,28,91,40,51,51,99,68,23,0,80,28,18,34,26,254.5758224,8.555865848,R4
0,18,0,68,47,36,85,172,45,0,0,89,28,47,42,11,242.5005727,6.745859134,R4
0,29,47,23,40,21,62,226,159,23,0,118,21,24,13,36,265.8885262,7.195041957,R4
8,41,28,0,25,17,142,81,0,102,0,127,31,12,26,31,301.024752,8.478751685,R4
8,12,0,45,28,17,74,244,113,23,0,80,31,35,21,16,289.3106175,7.382491042,R4
0,41,0,45,17,21,96,190,45,0,0,108,35,12,30,26,305.5899095,8.206795291,R4
8,41,38,45,28,21,85,117,181,91,0,99,10,18,30,11,289.803058,8.054502813,R4
0,47,9,0,36,32,85,244,136,57,0,108,14,53,13,31,237.6255544,6.029647811,R4
8,0,0,0,51,40,62,135,181,79,0,89,24,35,17,51,154.2573103,5.53901422,R4
8,47,38,68,51,47,51,153,68,45,6,80,31,29,42,21,258.4778695,7.608519788,R4
0,35,57,45,21,43,51,226,23,68,6,118,10,47,30,51,246.0149009,6.373587943,R4
8,47,19,0,32,28,96,153,113,79,6,127,10,12,5,16,265.3325733,7.604020305,R4
0,29,9,45,36,36,51,208,159,45,6,127,28,12,9,6,268.6596682,7.386512714,R4
8,53,47,45,25,51,108,172,45,23,6,89,38,41,13,16,276.0702977,6.817342303,R4
0,12,28,45,51,43,85,99,181,79,0,89,38,12,21,46,262.3276666,7.752012002,R4
0,29,19,113,43,47,74,81,45,23,0,99,42,12,17,36,283.3528395,8.368576115,R4
8,41,9,45,47,21,74,208,136,57,0,99,10,24,26,16,254.3718558,6.544030923,R4
0,0,19,23,47,17,85,244,136,0,0,118,14,24,30,16,194.3179513,5.034263805,R4
8,0,57,0,43,43,51,172,136,45,6,108,17,12,13,41,171.0139066,5.803364256,R4
8,53,28,91,17,36,74,99,113,57,6,118,10,47,5,31,272.8942188,7.587145542,R4
8,29,38,136,25,40,62,99,181,34,0,127,17,0,26,16,272.2987034,7.085912691,R4
0,12,0,0,43,28,119,226,113,0,6,89,42,47,34,6,268.9492486,6.841793608,R4
0,12,47,0,43,32,96,208,113,23,6,70,10,24,30,21,222.7414887,6.165764402,R4
8,24,0,23,21,25,153,208,113,11,0,118,21,18,5,36,263.3734147,5.828228031,R4
0,53,0,113,32,36,51,135,45,23,6,108,17,18,42,41,237.910826,6.876695746,R4
0,53,38,0,47,28,74,208,68,102,0,99,35,18,21,31,259.0689205,6.930838482,R4
8,24,38,0,47,32,153,117,0,45,6,89,10,29,26,51,259.0709526,7.058842206,R4
0,41,19,45,36,17,142,135,68,57,6,99,14,35,5,16,221.4467446,5.27293147,R4
8,24,28,23,47,36,51,81,204,11,6,42,35,6,26,31,135.2294854,6.050108875,R4
0,18,19,0,51,51,130,135,181,68,0,99,10,35,21,11,247.5636739,6.602976099,R4
8,41,85,0,17,36,62,99,159,102,6,127,35,24,30,11,0,0,R4
0,12,38,23,43,17,108,244,136,0,0,127,35,41,26,6,244.7945472,5.656007518,R4
8,18,38,68,40,32,51,226,91,23,6,99,14,0,21,6,260.3159127,6.823281951,R4
8,6,28,45,36,28,74,81,45,0,0,61,31,47,26,41,197.6368548,7.861713491,R4
0,0,28,45,21,17,74,244,23,45,0,80,35,6,30,41,217.3533089,5.473638633,R4
0,29,57,45,40,51,119,153,45,45,0,99,14,24,26,16,289.4609498,7.109479848,R4
0,53,57,91,51,51,51,99,181,0,0,80,10,29,21,41,237.362725,7.552972747,R4
0,41,9,0,21,36,130,81,0,11,6,70,24,0,42,41,191.0091664,6.728470504,R4
0,0,47,23,21,36,96,208,0,68,0,99,28,47,9,31,213.9864111,5.407647115,R4
0,35,47,45,36,51,51,135,181,79,6,108,42,53,26,21,235.5989638,6.934171385,R4
0,18,0,23,17,25,85,244,68,79,6,118,28,53,21,41,230.4943829,5.553356391,R4
0,41,0,0,25,32,142,244,45,23,6,70,31,53,26,11,254.5095663,5.786485839,R4
0,0,19,23,25,25,51,226,23,45,6,80,17,6,30,46,216.431553,6.642230645,R4
8,35,57,0,28,40,96,208,159,45,0,108,24,29,13,51,235.9484557,5.986743282,R4
0,29,28,0,28,25,108,172,68,11,6,61,17,29,42,46,209.2679828,6.24203367,R4
0,18,9,0,47,28,119,99,113,11,0,51,21,53,13,16,185.3354878,6.455780831,R4
0,41,47,68,32,21,85,117,23,57,6,70,35,53,26,16,230.992943,6.509350994,R4
0,35,19,0,40,32,142,135,204,34,0,99,35,18,38,36,252.1544415,6.526233618,R4
0,41,19,68,43,25,108,153,181,11,6,80,42,24,38,31,246.5550726,6.040477325,R4
0,47,28,113,40,36,51,153,23,79,0,99,24,53,42,11,273.2143474,7.027680237,R4
8,29,0,0,21,43,62,172,113,23,0,42,14,12,13,31,198.527304,7.407177897,R4
0,24,28,68,36,40,130,99,0,34,6,108,42,24,17,16,273.0774721,7.011354395,R4
8,6,0,23,21,17,85,135,23,11,0,70,35,35,34,41,227.5572339,8.083039052,R4
0,47,28,23,43,51,142,117,181,34,6,127,10,0,9,16,266.8331822,6.689858266,R4
8,29,19,23,25,28,153,135,68,79,0,127,38,0,13,11,295.4058994,6.875862463,R4
8,0,38,45,17,51,74,153,23,45,6,99,31,0,17,11,224.3388791,6.689721888,R4
0,47,38,0,43,40,153,244,68,45,0,80,21,53,9,11,286.4122257,5.972632552,R4
8,53,38,45,51,43,74,226,45,45,0,70,24,0,13,31,236.0109014,5.934642845,R4
8,0,38,45,36,28,142,81,23,45,0,80,42,6,21,6,227.3872826,6.210165841,R4
8,29,28,0,43,32,130,153,0,79,6,99,38,0,38,46,240.9292455,6.282643329,R4
8,35,38,204,17,25,51,81,113,102,0,127,14,35,26,51,295.2602301,6.667706228,R4
0,47,0,45,47,32,85,172,204,102,6,80,24,35,9,16,152.7794854,3.798982683,R4
60,47,9,0,47,47,74,135,91,0,0,89,35,24,26,51,231.8260483,8.629905628,R4
8,18,0,45,28,36,153,190,68,23,6,108,21,0,17,41,251.4254158,5.488439551,R4
0,29,9,91,47,25,142,81,45,68,0,89,35,29,42,11,204.3348029,4.857628164,R4
8,41,38,0,40,47,96,244,181,102,0,118,21,24,42,6,278.2932221,6.235549552,R4
8,35,19,68,28,21,142,208,23,0,0,108,24,18,9,6,287.995054,6.104536494,R4
15,47,19,0,36,32,62,172,159,11,6,118,17,41,9,16,244.534533,8.248007941,R4
8,53,9,136,47,51,85,99,159,0,6,127,28,24,42,6,257.1845001,6.415212613,R4
8,29,28,0,25,28,74,244,113,68,6,70,28,24,26,46,160.0504606,4.211708447,R4
0,29,28,23,21,36,130,81,45,0,0,51,28,41,26,46,211.5347457,6.873955173,R4
8,24,19,68,36,40,62,244,68,91,6,118,14,41,42,36,296.1285091,6.743291964,R4
0,12,85,0,25,25,85,190,68,45,0,127,42,29,13,6,233.6980525,6.422418772,R4
23,41,9,0,25,47,108,99,136,11,0,127,28,6,21,16,238.9453445,8.05080787,R4
8,12,19,23,21,36,96,172,68,0,0,42,24,29,13,41,158.2183636,4.838590347,R4
38,24,0,45,36,36,74,99,0,0,0,99,38,18,26,26,200.8259348,7.583428919,R4
0,41,0,91,25,47,62,244,45,57,0,89,31,24,30,16,239.5445203,5.490872223,R4
